,name,ratings
0,Joe Biden,"[0.1223816005513072, 0.3099341136403382, 0.28921854263171554, 0.2662923098541796, 0.27424651524052024, 0.2501448839902878, 0.2720180326141417, 0.2867928547784686, 0.25960021279752254, 0.5263308887369931, 0.21258680755272508, 0.250455716624856, 0.19992100074887276, 0.22802137723192573, 0.21027361415326595, 0.5348600833676755, 0.3554067355580628, 0.3804600853472948, 0.191758812405169, 0.31723323138430715, 0.20573720475658774, 0.26319510489702225, 0.25510821770876646, 0.215046355035156, 0.3121071308851242, 0.29650913132354617, 0.2176116919144988, 0.5664279693737626, 0.4233796885237098, 0.3070681020617485, 0.27452042140066624, 0.30952615151181817, 0.27311795484274626, 0.2672413163818419, 0.2168758613988757, 0.12255891691893339, 0.2063079085201025, 0.19981271773576736, 0.2881932482123375, 0.2579661081545055, 0.21216380409896374, 0.39557485934346914, 0.3165351985953748, 0.2121736160479486, 0.2974950554780662, 0.5588514963164926, 0.1982915261760354, 0.2682679067365825, 0.5981608144938946, 0.16130013018846512, 0.3006978891789913, 0.31826476752758026, 0.48913928447291255, 0.25251141330227256, 0.23407527059316635, 0.30819661682471633, 0.3169341688044369, 0.17955279164016247, 0.4543830663897097, 0.17472185986116529, 0.4103376888670027, 0.23365667834877968, 0.25268044462427497, 0.4964507310651243, 0.30598589638248086, 0.4850516375154257, 0.33968750946223736, 0.2471236903220415, 0.2025886233896017, 0.21453267661854625, 0.26629529101774096, 0.23641549702733755, 0.32438022177666426, 0.2527502733282745, 0.18147061113268137, 0.13937879167497158, 0.3870628457516432, 0.4009604654274881, 0.2185323452576995, 0.23715596552938223, 0.2832176359370351, 0.13425714522600174, 0.2143987431190908, 0.1950543182902038, 0.10239348374307156, 0.278631579130888, 0.3470525275915861, 0.3355440925806761, 0.3346125674434006, 0.2694208608008921, 0.287949581630528, 0.25311396177858114, 0.25029094191268086, 0.1910792114213109, 0.2159129329957068, 0.2572850435972214, 0.19255028013139963, 0.2946077920496464, 0.24415484396740794, 0.24030832014977932]"
1,Donald Trump,"[0.3375925584696233, 0.1470677526667714, 0.21523722261190414, 0.12363582476973534, 0.27512357011437416, 0.2107955412939191, 0.16126684565097094, 0.21496212296187878, 0.10255679674446583, 0.23357116943225265, 0.12040212750434875, 0.13936089724302292, 0.3177077486179769, 0.1895629446953535, 0.20217263791710138, 0.03984420374035835, 0.17045088578015566, 0.1056801788508892, 0.13872601743787527, 0.2052188701927662, 0.11297999136149883, 0.24780791252851486, 0.23732757475227118, 0.0813249759376049, 0.18607921805232763, 0.2867983947508037, 0.20216577872633934, 0.2118746996857226, 0.1296262266114354, 0.43777652736753225, 0.2528434516862035, 0.1453011129051447, 0.32431501243263483, 0.09290675260126591, 0.0631574746221304, 0.06437326222658157, 0.17065407522022724, 0.04628434590995312, 0.19495186768472195, 0.13867165334522724, 0.32773667573928833, 0.4223017394542694, 0.18914993666112423, 0.04862081632018089, 0.38316443376243114, 0.03198912926018238, 0.0953525910153985, 0.24225359596312046, 0.22552954871207476, 0.3881874242797494, 0.0880631934851408, 0.24623455200344324, 0.22254244657233357, 0.2202484356239438, 0.2213494200259447, 0.2188429869711399, 0.30094989854842424, 0.3015307430177927, 0.13437488861382008, 0.20820308569818735, 0.22156099323183298, 0.17464843252673745, 0.1165188392624259, 0.37805864587426186, 0.13791606109589338, 0.37989745009690523, 0.2277535181492567, 0.18609424121677876, 0.23304358450695872, 0.2783120069652796, 0.0185729768127203, 0.22128306608647108, 0.37371369265019894, 0.35204919055104256, 0.13640434201806784, 0.26127987913787365, 0.3608677554875612, 0.09182595834136009, 0.1581967119127512, 0.2762099541723728, 0.20243915915489197, 0.14807284716516733, 0.18322106637060642, 0.38899507001042366, 0.14953813701868057, 0.29364545829594135, 0.22730022482573986, 0.16013489477336407, 0.3561385367065668, 0.08226337563246489, 0.15979888662695885, 0.06520765833556652, 0.09595423843711615, 0.22337199095636606, 0.2233681157231331, 0.11252053827047348, 0.284526702016592, 0.19583846908062696, 0.22002026345580816, 0.2498050294816494]"
2,Barack Obama,"[0.296095360070467, 0.450047314632684, 0.6152473157271743, 0.702020216267556, 0.6196433608420193, 0.263907419051975, 0.245633649174124, 0.5829326515085995, 0.6575366035103798, 0.6212836932390928, 0.23188484739512205, 0.6106342114508152, 0.24025683384388685, 0.6181666748598218, 0.5752447857521474, 0.20535449916496873, 0.5598228080198169, 0.7377852196805179, 0.5384294372051954, 0.3180103204213083, 0.43827127246186137, 0.3275595558807254, 0.4938159850426018, 0.22883565397933125, 0.3993639056570828, 0.5981489131227136, 0.33793616108596325, 0.5582310976460576, 0.20383655838668346, 0.31222093384712934, 0.25519657135009766, 0.6238692891784012, 0.3563119489699602, 0.3195739281363785, 0.4654886336065829, 0.3352498556487262, 0.2960588480345905, 0.7051791190169752, 0.4823106857948005, 0.40232497872784734, 0.2839516857638955, 0.6705901566892862, 0.5061662048101425, 0.39512789947912097, 0.39782600989565253, 0.32056041480973363, 0.25395585829392076, 0.6220403094775975, 0.6431553135626018, 0.4489158613141626, 0.403214150108397, 0.7175658969208598, 0.34559483267366886, 0.5155742061324418, 0.3826708453707397, 0.3415650222450495, 0.7292147018015385, 0.810980231501162, 0.6072128228843212, 0.621511556673795, 0.47993947844952345, 0.515700776129961, 0.751162716653198, 0.351763857062906, 0.31992504140362144, 0.6975318763870746, 0.5711184842512012, 0.17140622111037374, 0.8243383402004838, 0.6454833908937871, 0.3553927605971694, 0.4434428927488625, 0.21543427417054772, 0.4809121291618794, 0.21536938287317753, 0.3849295359104872, 0.37235034024342895, 0.3544911933131516, 0.6740289623849094, 0.6590360244736075, 0.5781218884512782, 0.27175457356497645, 0.28152360348030925, 0.765724282246083, 0.4797553909011185, 0.7701458013616502, 0.4003621758893132, 0.32464125100523233, 0.20213577523827553, 0.6694662878289819, 0.5249957516789436, 0.4880877039395273, 0.1838475540280342, 0.21988900192081928, 0.5902022258378565, 0.40615206537768245, 0.2651796448044479, 0.28163869539275765, 0.29018298583105206, 0.36428693076595664]"
3,George W. Bush,"[0.18778835143893957, 0.0916324257850647, 0.06207604520022869, 0.03681845963001251, 0.14034988824278116, 0.08711398672312498, 0.1645704135298729, 0.08861020486801863, 0.07573400065302849, 0.15428471937775612, 0.12975303642451763, 0.08202585019171238, 0.09129612520337105, 0.06710382178425789, 0.09557771310210228, 0.06769223976880312, 0.10690547153353691, 0.12295182794332504, 0.1567389201372862, 0.1245155455544591, 0.1001384649425745, 0.11652506235986948, 0.14979084860533476, 0.07414723373949528, 0.2696222639642656, 0.09731427300721407, 0.13614253234118223, 0.08882159646600485, 0.08787684049457312, 0.07483002822846174, 0.01566879078745842, 0.07312215398997068, 0.16632664389908314, 0.16780877020210028, 0.23150038439780474, 0.08330249972641468, 0.09024505969136953, 0.11813461128622293, 0.15665363799780607, 0.1589697701856494, 0.2017036760225892, 0.1320666540414095, 0.17600756231695414, 0.13510143849998713, 0.09997985418885946, 0.07838984578847885, 0.10551127139478922, 0.2008871203288436, 0.1254342645406723, 0.1489065010100603, 0.12553986255079508, 0.07291053235530853, 0.09607769921422005, 0.008325550705194473, 0.12869081646203995, 0.10784801095724106, 0.07784540858119726, 0.15432113409042358, 0.06424304284155369, 0.05294083058834076, 0.07852489035576582, 0.11552840005606413, 0.08274969551712275, 0.06471745483577251, 0.1134058739989996, 0.06979767419397831, 0.14494701195508242, 0.15315151028335094, 0.17728722840547562, 0.06679009273648262, 0.05266197770833969, 0.10343442391604185, 0.04554980248212814, 0.05680478364229202, 0.05869583413004875, 0.1697277994826436, 0.10405021626502275, 0.04358541779220104, 0.20210169162601233, 0.1151906019076705, 0.08498456981033087, 0.12167273834347725, 0.051925187930464745, 0.1432781182229519, 0.0927653182297945, 0.056131014600396156, 0.1158795477822423, 0.11791536584496498, 0.043559055775403976, 0.15624532103538513, 0.03483821079134941, 0.07946786377578974, 0.07631536014378071, 0.10406520590186119, 0.07810411415994167, 0.0854464191943407, 0.08380625117570162, 0.1381362145766616, 0.08021105267107487, 0.23749874299392104]"
4,Bill Clinton,"[0.7183898887597024, 0.5064406893216074, 0.63524552853778, 0.6281125890091062, 0.8028806489892304, 0.26710913982242346, 0.6287429798394442, 0.4210294387303293, 0.40298726316541433, 0.5355149353854358, 0.49920442840084434, 0.3603009730577469, 0.4183690743520856, 0.4045520373620093, 0.7246942138299346, 0.2374442582949996, 0.7955198171548545, 0.45216104621067643, 0.6926944968290627, 0.28482917323708534, 0.35411367379128933, 0.3238242110237479, 0.4165055030025542, 0.35126907750964165, 0.28103582095354795, 0.5378164863213897, 0.49750562803819776, 0.6830749316141009, 0.47369032353162766, 0.1737464452162385, 0.27901262417435646, 0.1611499534919858, 0.6538175237365067, 0.6537848156876862, 0.21964199282228947, 0.1542783910408616, 0.5957494010217488, 0.30401870887726545, 0.44233760377392173, 0.20699238870292902, 0.5665158466435969, 0.46846193401142955, 0.6938999574631453, 0.5162414321675897, 0.38111839815974236, 0.3396063703112304, 0.2510899994522333, 0.49830445647239685, 0.5888264491222799, 0.45678999833762646, 0.44003451988101006, 0.47947322204709053, 0.7488720901310444, 0.559802012052387, 0.40966755989938974, 0.470842189155519, 0.6395691004581749, 0.3298385990783572, 0.7770296717062593, 0.21929054707288742, 0.31327229738235474, 0.47524616913869977, 0.5673647103831172, 0.7493744199164212, 0.7183902985416353, 0.771911496296525, 0.36541527416557074, 0.550684389192611, 0.39892357029020786, 0.3782037333585322, 0.5117993662133813, 0.5167897152714431, 0.31460317177698016, 0.46266956301406026, 0.568059763405472, 0.32759816013276577, 0.4037609496153891, 0.16630459763109684, 0.3015221441164613, 0.454587762709707, 0.40245565492659807, 0.43041599774733186, 0.7429172596894205, 0.39011077117174864, 0.5334598398767412, 0.6244010399095714, 0.7665715399198234, 0.5060067460872233, 0.4162487741559744, 0.7807225431315601, 0.225347138941288, 0.49161336477845907, 0.2764392476528883, 0.5047060949727893, 0.7399140896741301, 0.19959722505882382, 0.4642211436294019, 0.3384002740494907, 0.5491457213647664, 0.4926810096949339]"
5,George H. W. Bush,"[0.1880401847884059, 0.3174359481781721, 0.17024229373782873, 0.21327088959515095, 0.2658026935532689, 0.21970404032617807, 0.5364224561490119, 0.21781490370631218, 0.2469798382371664, 0.1892402982339263, 0.2816149890422821, 0.2839120617136359, 0.35206806287169456, 0.38434849912300706, 0.2750837793573737, 0.3547952277585864, 0.19464977830648422, 0.30590401496738195, 0.18401696160435677, 0.21908506657928228, 0.2749358471482992, 0.18757228646427393, 0.4629022451117635, 0.22603372018784285, 0.2702140109613538, 0.30305154668167233, 0.2367808911949396, 0.23773677367717028, 0.15920454822480679, 0.2339245737530291, 0.22692651022225618, 0.3622569153085351, 0.36513945646584034, 0.3606109945103526, 0.13918891735374928, 0.26315528992563486, 0.45898505998775363, 0.2448159521445632, 0.3452979032881558, 0.4923098860308528, 0.16512639541178942, 0.3056567497551441, 0.15702183172106743, 0.28781275637447834, 0.16702369134873152, 0.3523560711182654, 0.19357410352677107, 0.48404477536678314, 0.13593595987185836, 0.22086218697950244, 0.35120231099426746, 0.18976218905299902, 0.16106642223894596, 0.16699622198939323, 0.2285113362595439, 0.594428121112287, 0.329922690987587, 0.17185411136597395, 0.5729414783418179, 0.24634727090597153, 0.16868756897747517, 0.2856485629454255, 0.1945290034636855, 0.40359553368762136, 0.21016573254019022, 0.3462687940336764, 0.21867729257792234, 0.19635542947798967, 0.19917254149913788, 0.1774714132770896, 0.22813705122098327, 0.16432982869446278, 0.24826421216130257, 0.1788079682737589, 0.5252965902909636, 0.6013797200284898, 0.20864417031407356, 0.26732928678393364, 0.3562693572603166, 0.6561705768108368, 0.12781457789242268, 0.2619214318692684, 0.2745900545269251, 0.32181504601612687, 0.37568482756614685, 0.15888698399066925, 0.3056725524365902, 0.22625899594277143, 0.10274367220699787, 0.4101797491312027, 0.19812936894595623, 0.1902020489796996, 0.19520631432533264, 0.16409298591315746, 0.16534404084086418, 0.20517892763018608, 0.2601810460910201, 0.2762922002002597, 0.2166362637653947, 0.158025324344635]"
6,Ronald Reagan,"[0.3149007745087147, 0.2188073629513383, 0.43513586465269327, 0.3644699929282069, 0.4666799404658377, 0.2772210165858269, 0.1917504221200943, 0.23848968464881182, 0.7133304933086038, 0.141133694909513, 0.5493741878308356, 0.6533991675823927, 0.5550070204772055, 0.20584530755877495, 0.2545945309102535, 0.36547302082180977, 0.42137187998741865, 0.29210927803069353, 0.6619150410406291, 0.17590421997010708, 0.29089243710041046, 0.3237730609253049, 0.16323919408023357, 0.2078340630978346, 0.30694227665662766, 0.22422317694872618, 0.5518516730517149, 0.27919068187475204, 0.5459343972615898, 0.31023842887952924, 0.4604199407622218, 0.6168214017525315, 0.4349235352128744, 0.15000817272812128, 0.18747864291071892, 0.22675261087715626, 0.6551340320147574, 0.24410400725901127, 0.33354436326771975, 0.5448489184491336, 0.14021202363073826, 0.6923440345562994, 0.26926346123218536, 0.45031840447336435, 0.250437842682004, 0.42952645011246204, 0.46891277143731713, 0.252527441829443, 0.40506935864686966, 0.17624532245099545, 0.21781879756599665, 0.45059698540717363, 0.21336436830461025, 0.43223514314740896, 0.7401628000661731, 0.26117898151278496, 0.28257578425109386, 0.17341650277376175, 0.3202287652529776, 0.39257664885371923, 0.19771341513842344, 0.29789976961910725, 0.21891802176833153, 0.24288980197161436, 0.3413243182003498, 0.19337444379925728, 0.296883225440979, 0.6406852984800935, 0.19392010290175676, 0.4828327354043722, 0.29967518243938684, 0.3504221457988024, 0.2672461289912462, 0.29218592308461666, 0.7496802094392478, 0.38442264311015606, 0.12979576457291842, 0.2629368770867586, 0.46678243251517415, 0.4773680018261075, 0.238597322255373, 0.2798743387684226, 0.1900553349405527, 0.2127971863374114, 0.8268333836458623, 0.32120146974921227, 0.1780948108062148, 0.6816946435719728, 0.28930867463350296, 0.41212597116827965, 0.5280702128075063, 0.4180192705243826, 0.37437466299161315, 0.22519128397107124, 0.7332976381294429, 0.47067778557538986, 0.6425560158677399, 0.761924262624234, 0.23352530039846897, 0.1285041030496359]"
7,Jimmy Carter,"[0.4735321616753936, 0.30003385711461306, 0.28090145625174046, 0.40395358856767416, 0.1709779091179371, 0.29473739862442017, 0.600566110573709, 0.31753078382462263, 0.22190026007592678, 0.44713910622522235, 0.5028395024128258, 0.33394498843699694, 0.5788625404238701, 0.34185932530090213, 0.4393834238871932, 0.4784563444554806, 0.33272151462733746, 0.27438103407621384, 0.17797081544995308, 0.1227604541927576, 0.11721107363700867, 0.12190611474215984, 0.31448911130428314, 0.3193281814455986, 0.18434404581785202, 0.19404215924441814, 0.12558585964143276, 0.2605364313349128, 0.6391377463005483, 0.23965799156576395, 0.20787333138287067, 0.28767696116119623, 0.7386267576366663, 0.6739408043213189, 0.15157226286828518, 0.5288930372335017, 0.1848217686638236, 0.18723793420940638, 0.23971357522532344, 0.4598261443898082, 0.15897889342159033, 0.1866123341023922, 0.3744846601039171, 0.6094198911450803, 0.2816246789880097, 0.15998469199985266, 0.7006511138752103, 0.16996266040951014, 0.4772670492529869, 0.2627401938661933, 0.2631835644133389, 0.23895977763459086, 0.18311891611665487, 0.10958867147564888, 0.18101280461996794, 0.10503250919282436, 0.12665449921041727, 0.23451796732842922, 0.6960038016550243, 0.43797894613817334, 0.3207292906008661, 0.3773381868377328, 0.47294881381094456, 0.5182932708412409, 0.5173623231239617, 0.6226568659767509, 0.11876144632697105, 0.4797108708880842, 0.20105190016329288, 0.3187446603551507, 0.4426115406677127, 0.35789367742836475, 0.2885630405507982, 0.4667369229719043, 0.20491514541208744, 0.2130742846056819, 0.515464898198843, 0.34971397602930665, 0.48960721818730235, 0.33861689176410437, 0.2027745759114623, 0.25761236250400543, 0.5156481587328017, 0.19735382962971926, 0.2028121231123805, 0.3890905221924186, 0.39508972968906164, 0.7497939127497375, 0.19291268568485975, 0.6686538285575807, 0.331685783341527, 0.08385348133742809, 0.1343204639852047, 0.36239485535770655, 0.33705928456038237, 0.6698889946565032, 0.4845546609722078, 0.5073483469896019, 0.2935432349331677, 0.1415180740877986]"
8,Gerald Ford,"[0.10865260101854801, 0.10670933127403259, 0.29028273839503527, 0.24482465256005526, 0.16986036580055952, 0.06160331517457962, 0.18303062114864588, 0.14054016396403313, 0.1557184192351997, 0.20770971570163965, 0.14370305184274912, 0.037196068093180656, 0.1719696605578065, 0.10137743316590786, 0.20891119865700603, 0.1319077992811799, 0.12589164823293686, 0.12306508235633373, 0.09209029749035835, 0.16636625165119767, 0.15572852734476328, 0.28149581886827946, 0.29794174525886774, 0.10616523306816816, 0.30874877516180277, 0.11006524134427309, 0.1470453953370452, 0.24059104127809405, 0.18215555977076292, 0.08777031395584345, 0.054533510468900204, 0.08211599290370941, 0.19949196558445692, 0.11435499135404825, 0.08520479593425989, 0.07995697297155857, 0.0691300481557846, 0.2185712270438671, 0.11742044612765312, 0.09632958471775055, 0.17328536324203014, 0.08583880588412285, 0.10552547220140696, 0.22222340758889914, 0.2431248538196087, 0.20083556231111288, 0.13154626078903675, 0.04728427343070507, 0.17394034191966057, 0.11043509189039469, 0.16516698617488146, 0.18025096412748098, 0.06838770303875208, 0.10446115769445896, 0.11972244828939438, 0.061688777059316635, 0.09515016339719296, 0.23539223428815603, 0.1676142020151019, 0.05479295551776886, 0.09371902234852314, 0.14974396768957376, 0.028510184958577156, 0.17386465426534414, 0.12428704835474491, 0.08890011440962553, 0.30627786880359054, 0.16332957614213228, 0.1820933884009719, 0.17875821888446808, 0.13045019749552011, 0.12711612414568663, 0.1888965293765068, 0.08356530498713255, 0.14115625526756048, 0.09856682363897562, 0.14912561792880297, 0.08741640765219927, 0.18294386565685272, 0.13028043694794178, 0.11737716477364302, 0.0825205147266388, 0.11400136072188616, 0.07842492684721947, 0.11902931611984968, 0.31745635671541095, 0.058769069612026215, 0.08393400441855192, 0.08558418601751328, 0.09279023390263319, 0.16237358190119267, 0.09473564010113478, 0.1285805432125926, 0.10150861367583275, 0.1291948752477765, 0.18555160239338875, 0.10646157804876566, 0.07342933304607868, 0.2168013220652938, 0.2793167708441615]"
9,Richard Nixon,"[0.05440988391637802, 0.12979118898510933, 0.09207793138921261, 0.08986928686499596, 0.27253415156155825, 0.0707641988992691, 0.08799274358898401, 0.13717282004654408, 0.1815448012202978, 0.2415482085198164, 0.12401507515460253, 0.24445830937474966, 0.09871494397521019, 0.13218699861317873, 0.4701139465905726, 0.19496734999120235, 0.11038369499146938, 0.10880137234926224, 0.08564384840428829, 0.094578443095088, 0.06800887919962406, 0.11010355222970247, 0.14652367308735847, 0.10406914353370667, 0.04372234456241131, 0.2207945641130209, 0.23448842111974955, 0.15424909256398678, 0.09759089071303606, 0.10988166742026806, 0.1829362353309989, 0.06450174190104008, 0.27871133387088776, 0.08174652326852083, 0.06232950836420059, 0.12066969648003578, 0.07268290221691132, 0.14186398405581713, 0.1386514976620674, 0.1927596628665924, 0.10893055889755487, 0.19812905881553888, 0.06787599809467793, 0.06530115008354187, 0.10499789286404848, 0.09906425513327122, 0.14379164762794971, 0.07771366089582443, 0.09225805476307869, 0.05184889957308769, 0.14955013897269964, 0.15629094559699297, 0.11914918012917042, 0.09602323174476624, 0.06921358965337276, 0.066293740645051, 0.38826275896281004, 0.06545278802514076, 0.26676353719085455, 0.06361510045826435, 0.23848626669496298, 0.10903766192495823, 0.03548884764313698, 0.11704630870372057, 0.22425012663006783, 0.16261705476790667, 0.032363198697566986, 0.5347179230302572, 0.35590790351852775, 0.4085109932348132, 0.21522671449929476, 0.11141581926494837, 0.12237883172929287, 0.13222452905029058, 0.14464892446994781, 0.06759349629282951, 0.08855441026389599, 0.0907962704077363, 0.17268968792632222, 0.17017452139407396, 0.3817067425698042, 0.03159693814814091, 0.27635763864964247, 0.15790172200649977, 0.11070923507213593, 0.07800729013979435, 0.08004269003868103, 0.07928139623254538, 0.15329697355628014, 0.10399310663342476, 0.09027381986379623, 0.09620997309684753, 0.09845944959670305, 0.09504286106675863, 0.2583440560847521, 0.16341246291995049, 0.27067943662405014, 0.11232246831059456, 0.18141966871917248, 0.13481642957776785]"
10,Lyndon B. Johnson,"[0.36851350869983435, 0.13763634767383337, 0.2854479216039181, 0.20633117388933897, 0.0801018737256527, 0.4649431835860014, 0.2939252369105816, 0.12226212956011295, 0.3101355331018567, 0.2592085748910904, 0.34360043331980705, 0.3358377907425165, 0.5343106677755713, 0.3017648430541158, 0.2263874327763915, 0.07348503358662128, 0.5199068067595363, 0.43727927887812257, 0.3125109765678644, 0.08396678790450096, 0.3055973034352064, 0.10419556219130754, 0.28933984227478504, 0.37987804040312767, 0.3937576599419117, 0.335603229701519, 0.1185059156268835, 0.25652919337153435, 0.13485820405185223, 0.2853466644883156, 0.16758945025503635, 0.11823692359030247, 0.41872571501880884, 0.15467235632240772, 0.18873426830396056, 0.17697245348244905, 0.24514845199882984, 0.1509285056963563, 0.35891486424952745, 0.07937585562467575, 0.2405234631150961, 0.16185410507023335, 0.18157328572124243, 0.2605403419584036, 0.11435934342443943, 0.13141012284904718, 0.43543934635818005, 0.19600151851773262, 0.2502978499978781, 0.2613149154931307, 0.3681049421429634, 0.34956979379057884, 0.22186261881142855, 0.47473644791170955, 0.12693792954087257, 0.1837208243086934, 0.2445592414587736, 0.32587181124836206, 0.4860487594269216, 0.16719385795295238, 0.16741327475756407, 0.0875978097319603, 0.14607632998377085, 0.2757048401981592, 0.12278692424297333, 0.24383456073701382, 0.32211966440081596, 0.19918582309037447, 0.08089854754507542, 0.3234435599297285, 0.39532714895904064, 0.38862950820475817, 0.3069314816966653, 0.1354484586045146, 0.15100073907524347, 0.2344377301633358, 0.40895148925483227, 0.3640661481767893, 0.2546402523294091, 0.19643081072717905, 0.10242769960314035, 0.36839538160711527, 0.14441357227042317, 0.2857627421617508, 0.19372926279902458, 0.22806799411773682, 0.5680207130499184, 0.1472751386463642, 0.21347974706441164, 0.3441154146566987, 0.4363004877232015, 0.37665613181889057, 0.24543245788663626, 0.3566699605435133, 0.41577450186014175, 0.16001399233937263, 0.25598381645977497, 0.163196612149477, 0.13752476684749126, 0.15673545934259892]"
11,John F. Kennedy,"[0.24518817849457264, 0.6543855834752321, 0.11837646551430225, 0.24625707138329744, 0.4366779513657093, 0.2915193298831582, 0.12884845864027739, 0.8030254328623414, 0.09569029975682497, 0.21800591051578522, 0.1508194888010621, 0.16532142739742994, 0.15509013552218676, 0.10498938150703907, 0.47256622835993767, 0.17181895021349192, 0.08899899758398533, 0.49050756078213453, 0.18069432210177183, 0.6112594814039767, 0.4944639625027776, 0.2476895758882165, 0.18635687045753002, 0.1960273887962103, 0.2089369846507907, 0.5213081217370927, 0.42355355666950345, 0.27111637126654387, 0.49526680866256356, 0.2614312944933772, 0.22220267541706562, 0.11609849892556667, 0.7921596993692219, 0.2897864878177643, 0.4346126848831773, 0.17007791623473167, 0.30819032434374094, 0.17759086843580008, 0.1398539189249277, 0.0811871886253357, 0.40321503346785903, 0.6950967367738485, 0.3354637520387769, 0.11561569571495056, 0.29699644912034273, 0.08925133012235165, 0.149648810736835, 0.1584937795996666, 0.21287495642900467, 0.15270945895463228, 0.4313554926775396, 0.28971340227872133, 0.13353908620774746, 0.2212904915213585, 0.1948658274486661, 0.17678583227097988, 0.6778049543499947, 0.09423879068344831, 0.28302183048799634, 0.20936670992523432, 0.20906858425587416, 0.44501915387809277, 0.5568311531096697, 0.08240386005491018, 0.3661144645884633, 0.375916232354939, 0.1834756825119257, 0.8129693167284131, 0.37634749710559845, 0.24203450325876474, 0.19059297069907188, 0.49220053013414145, 0.08284689020365477, 0.19654766283929348, 0.2454003356397152, 0.18116804026067257, 0.5392440804280341, 0.27236477099359035, 0.3115132628008723, 0.12245322857052088, 0.05860090255737305, 0.13004447985440493, 0.3246715357527137, 0.1275925152003765, 0.24512720573693514, 0.12916871719062328, 0.34069453924894333, 0.28726147022098303, 0.30793960578739643, 0.19645538739860058, 0.5628509880043566, 0.1285083619877696, 0.1823964649811387, 0.22873897477984428, 0.3550491062924266, 0.20649897120893002, 0.4580882275477052, 0.3045942261815071, 0.3662745375186205, 0.2021908974274993]"
12,Dwight D. Eisenhower,"[0.5905795581638813, 0.4074069117195904, 0.25938347820192575, 0.3394545060582459, 0.3415415217168629, 0.24659806722775102, 0.22600533720105886, 0.47494889004155993, 0.39212069287896156, 0.4545834846794605, 0.4418235747143626, 0.39049321692436934, 0.3884470807388425, 0.3957012929022312, 0.533054243773222, 0.37997252214699984, 0.20193705148994923, 0.5702676102519035, 0.23374889604747295, 0.34026475669816136, 0.2776752635836601, 0.23712581815198064, 0.42162209190428257, 0.25414083106443286, 0.4420644426718354, 0.3312507472001016, 0.43697198713198304, 0.32005143351852894, 0.3203814309090376, 0.2024194896221161, 0.2829574663192034, 0.3698705267161131, 0.5267792716622353, 0.3700634427368641, 0.32850186340510845, 0.169678064994514, 0.2706252867355943, 0.4651704514399171, 0.16933266632258892, 0.31482168566435575, 0.32971033826470375, 0.20530126616358757, 0.285721393302083, 0.15604749834164977, 0.3984388718381524, 0.5276623456738889, 0.2608204227872193, 0.28152375016361475, 0.5694522703997791, 0.2799595668911934, 0.3857686473056674, 0.33834224846214056, 0.29718185495585203, 0.23229789966717362, 0.5243773432448506, 0.3557331161573529, 0.1310957120731473, 0.22509932704269886, 0.29987226566299796, 0.26717928890138865, 0.33804440032690763, 0.2855088631622493, 0.33956532133743167, 0.3123532338067889, 0.6280422210693359, 0.1562897926196456, 0.2976423716172576, 0.180214979685843, 0.27647230587899685, 0.40237100422382355, 0.2902285112068057, 0.15625457372516394, 0.2190206153318286, 0.3481832267716527, 0.3758340235799551, 0.2531129810959101, 0.31878875475376844, 0.21598177775740623, 0.5408122860826552, 0.59066969063133, 0.3279274571686983, 0.3968521924689412, 0.2181816748343408, 0.40405241772532463, 0.5346608287654817, 0.3771119713783264, 0.28353664791211486, 0.4498829282820225, 0.19770915992558002, 0.21585579589009285, 0.3277100743725896, 0.23367376439273357, 0.23869172856211662, 0.2697097333148122, 0.14711366686969995, 0.2472565844655037, 0.4048004141077399, 0.31372534204274416, 0.41639269376173615, 0.3684379388578236]"
13,Harry S. Truman,"[0.11322084814310074, 0.1400942075997591, 0.057847630232572556, 0.08860014751553535, 0.09346727281808853, 0.053779566660523415, 0.15246076229959726, 0.04865754395723343, 0.09125660266727209, 0.2970848837867379, 0.06462850421667099, 0.1771567678079009, 0.10483423247933388, 0.12834260985255241, 0.090989138931036, 0.13483617082238197, 0.10899321641772985, 0.10422475077211857, 0.28850354347378016, 0.09995491616427898, 0.00868925079703331, 0.1367606520652771, 0.0723660346120596, 0.3140994496643543, 0.165717507712543, 0.055938039906322956, 0.04494405351579189, 0.10863857436925173, 0.1221399623900652, 0.07545973919332027, 0.10813430603593588, 0.07619297504425049, 0.06191172543913126, 0.09273737296462059, 0.19854870717972517, 0.09592453856021166, 0.08203445747494698, 0.08700434118509293, 0.14439147524535656, 0.1713683996349573, 0.11653452180325985, 0.06748408824205399, 0.03942332603037357, 0.22373635414987803, 0.10400343965739012, 0.08252719417214394, 0.37823917996138334, 0.10264061763882637, 0.11053403280675411, 0.1329876696690917, 0.09147385135293007, 0.16870226617902517, 0.0711909756064415, 0.07378791458904743, 0.16754575353115797, 0.1697463747113943, 0.18609259277582169, 0.05371977388858795, 0.13667176477611065, 0.3290018932893872, 0.12736971117556095, 0.11060583405196667, 0.17602503765374422, 0.13862838875502348, 0.18500277120620012, 0.28727212827652693, 0.028214232996106148, 0.08033683523535728, 0.09069258626550436, 0.06572263687849045, 0.12913410551846027, 0.050504740327596664, 0.1377962427213788, 0.08483670558780432, 0.0503025408834219, 0.09856181778013706, 0.05140410177409649, 0.10672283917665482, 0.0981811759993434, 0.13265551626682281, 0.061046576127409935, 0.04807062819600105, 0.09663004148751497, 0.017989318817853928, 0.09807168319821358, 0.11151637323200703, 0.2394365593791008, 0.10053999722003937, 0.17621197272092104, 0.22070543002337217, 0.12370772752910852, 0.11864942125976086, 0.07459189929068089, 0.14938939455896616, 0.18301504105329514, 0.06945169158279896, 0.11485081352293491, 0.15941237471997738, 0.1953413812443614, 0.06360998935997486]"
14,Franklin D. Roosevelt,"[0.4546943325549364, 0.4133644159883261, 0.5206586727872491, 0.6544474777765572, 0.2451359685510397, 0.4545470532029867, 0.536166550591588, 0.4539045346900821, 0.3933043973520398, 0.49052155762910843, 0.5169990928843617, 0.2802507132291794, 0.4569899383932352, 0.4940274255350232, 0.5019743833690882, 0.5898879747837782, 0.6353150680661201, 0.406962133012712, 0.6467454591766, 0.882053513545543, 0.3795652622357011, 0.7535329889506102, 0.5445179482921958, 0.5635389965027571, 0.5146045973524451, 0.4810145376250148, 0.43506905529648066, 0.6319440770894289, 0.38081024028360844, 0.49584070686250925, 0.665401404723525, 0.585976142436266, 0.5085970675572753, 0.40297970548272133, 0.5774776814505458, 0.41358661092817783, 0.8827052912674844, 0.46196720376610756, 0.5453075151890516, 0.3761975131928921, 0.7055795160122216, 0.8691606321372092, 0.648888697847724, 0.49805249460041523, 0.6399461198598146, 0.4889011410996318, 0.5581511436030269, 0.38608962297439575, 0.4527060780674219, 0.4925628388300538, 0.40741439163684845, 0.5691894078627229, 0.40370307583361864, 0.488603244535625, 0.6648606723174453, 0.31286175549030304, 0.4644569419324398, 0.35209657438099384, 0.5882935049012303, 0.5287462146952748, 0.4523583333939314, 0.36977153830230236, 0.4017885234206915, 0.5774927064776421, 0.45587094593793154, 0.6815917836502194, 0.6777541032060981, 0.5050464505329728, 0.4849586011841893, 0.49237794894725084, 0.4352945354767144, 0.4239225350320339, 0.49968601390719414, 0.8451614715158939, 0.6755582122132182, 0.4932429539039731, 0.5413945047184825, 0.38617296516895294, 0.41983392741531134, 0.7122862879186869, 0.4894793275743723, 0.4423278905451298, 0.36104337871074677, 0.3254195936024189, 0.39312366489320993, 0.42690233886241913, 0.4352924330160022, 0.3315403936430812, 0.6360482019372284, 0.4745983500033617, 0.5148761719465256, 0.4518034951761365, 0.5263886116445065, 0.6707416912540793, 0.48275977838784456, 0.5751965064555407, 0.47048674896359444, 0.6018890235573053, 0.4613349502906203, 0.45987618528306484]"
15,Herbert Hoover,"[0.11738770641386509, 0.19210321735590696, 0.11641521751880646, 0.13052239269018173, 0.054291144013404846, 0.04391319118440151, 0.013826083391904831, 0.16787604987621307, 0.16863556765019894, -0.007872920483350754, 0.06824542209506035, 0.1886015236377716, 0.1781746158376336, 0.05229240283370018, 0.056900475174188614, 0.08196933194994926, -0.08395514264702797, 0.11319436319172382, -0.029978163540363312, -0.0009310804307460785, -0.048297587782144547, -0.02545905113220215, 0.08154771849513054, -0.020525909960269928, 0.09476107731461525, 0.10726575553417206, 0.07148518785834312, 0.24391237646341324, 0.03881289064884186, 0.041814010590314865, 0.07903653010725975, 0.14265406131744385, 0.10565358772873878, 0.16322284750640392, 0.14517012424767017, 0.09126881696283817, 0.1706899031996727, 0.001602664589881897, 0.126693245023489, 0.06309564597904682, -0.10366114228963852, 0.17020202428102493, 0.11290355306118727, 0.016347527503967285, 0.026048533618450165, 0.0795514639467001, 0.08088569715619087, 0.09629750810563564, -0.02701079472899437, 0.09071127697825432, 0.05144883319735527, 0.07478219084441662, 0.1100137047469616, -0.15932318195700645, -0.019262351095676422, 0.3939826050773263, 0.10836777463555336, 0.11240756884217262, 0.12876291200518608, -0.1383933238685131, 0.02921222895383835, 0.02851523458957672, 0.22506091184914112, 0.11459336057305336, 0.13620677031576633, 0.15181163884699345, 0.02868672087788582, 0.01248670369386673, 0.030296795070171356, 0.15472202189266682, 0.07823058404028416, 0.05289241299033165, 0.06737699173390865, 0.020202871412038803, 0.04618792608380318, 0.15941594541072845, 0.10672765783965588, -0.03914649412035942, 0.033366184681653976, -0.03496987372636795, -0.25693998858332634, 0.12499139085412025, 0.16304078698158264, 0.12896614894270897, 0.32591127417981625, 0.06762388348579407, 0.019792966544628143, 0.037312209606170654, 0.08575989492237568, 0.12882121838629246, 0.06948177702724934, 0.10414705984294415, 0.08155732043087482, 0.007513411343097687, -0.047345563769340515, 0.05173441767692566, 0.11388375423848629, 0.11579091846942902, -0.005305252969264984, 0.21327587030828]"
16,Calvin Coolidge,"[0.2561958795413375, 0.10641819052398205, 0.14958029612898827, 0.23173802625387907, 0.0787334106862545, 0.2293603364378214, 0.34464392717927694, 0.24350824113935232, 0.2241535410284996, 0.28786696400493383, 0.378834942355752, 0.24386195838451385, 0.24285751022398472, 0.1617900226265192, 0.218542892485857, 0.12945524137467146, 0.33151951245963573, 0.18549473583698273, 0.26139686442911625, 0.26322868559509516, 0.267758053727448, 0.3836734090000391, 0.1296249134466052, 0.11268527992069721, 0.18044550344347954, 0.15429414249956608, 0.27291369810700417, 0.29442999232560396, 0.24098585918545723, 0.14054812211543322, 0.288239985704422, 0.1582729984074831, 0.28275681007653475, 0.09908526111394167, 0.24471948482096195, 0.14061472285538912, 0.25349730998277664, 0.32211712189018726, 0.26160852145403624, 0.14320031367242336, 0.22046214062720537, 0.1733807884156704, 0.12207204475998878, 0.2118597561493516, 0.27626094315201044, 0.16309298295527697, 0.27376335859298706, 0.2279384769499302, 0.19539906550198793, 0.32386805955320597, 0.3089475277811289, 0.6347789540886879, 0.30143829621374607, 0.18300618138164282, 0.28295970149338245, 0.12672419846057892, 0.3361736834049225, 0.3371247239410877, 0.29279411397874355, 0.2064594216644764, 0.3314249459654093, 0.12667185440659523, 0.37619577068835497, 0.30997623037546873, 0.3709185775369406, 0.246095291338861, 0.34949373360723257, 0.11660531349480152, 0.25274824257940054, 0.3173579005524516, 0.3594181193038821, 0.15276869386434555, 0.32891119085252285, 0.47276327572762966, 0.2820356423035264, 0.3159098830074072, 0.4164932854473591, 0.22721937578171492, 0.4231592519208789, 0.3503560805693269, 0.10730142332613468, 0.19218553230166435, 0.1212386516854167, 0.35020654555410147, 0.2587968744337559, 0.11687356419861317, 0.1474266927689314, 0.32761042611673474, 0.3124948190525174, 0.22776521928608418, 0.13512961380183697, 0.3512411592528224, 0.22584633715450764, 0.25352891627699137, 0.1303898822516203, 0.25331978406757116, 0.12847458478063345, 0.2513941004872322, 0.295616889372468, 0.1789843812584877]"
17,Warren G. Harding,"[0.14124363102018833, 0.10725729912519455, 0.049319641664624214, 0.07798863761126995, 0.17172572575509548, 0.13667479064315557, 0.11096952296793461, 0.13728849403560162, 0.3301982255652547, 0.4023359138518572, 0.5712662586010993, 0.16828711703419685, 0.2347819870337844, 0.08886480703949928, 0.30081289075315, 0.21225599758327007, 0.07754010520875454, 0.41152583016082644, 0.2044553216546774, 0.08107885718345642, -0.027212101966142654, 0.30984367430210114, 0.07365238666534424, 0.1726622898131609, 0.08934407122433186, 0.3077437896281481, 0.04454071447253227, 0.0797937922179699, 0.15409580618143082, 0.06660361401736736, 0.29673421662300825, 0.12760333251208067, 0.030065223574638367, 0.3652177546173334, 0.25797996390610933, 0.13174399361014366, 0.11602327041327953, 0.1252820324152708, 0.23327926360070705, 0.08039220049977303, 0.07696411199867725, 0.0588814839720726, 0.0709390714764595, 0.06903641484677792, 0.11955847777426243, 0.045216312631964684, 0.08150438033044338, 0.29082308057695627, 0.1176715586334467, 0.1013647448271513, 0.13006571494042873, 0.12216755840927362, 0.15773905254900455, 0.08787900488823652, 0.10239476338028908, 0.04566487669944763, 0.3937011929228902, -0.002736315131187439, 0.1090792678296566, 0.35338450223207474, 0.050043052062392235, 0.10437208507210016, 0.06604095362126827, 0.07884778268635273, 0.4347010459750891, 0.05475165136158466, 0.059644291177392006, 0.11224214918911457, 0.10660540871322155, 0.11187572218477726, 0.06768996827304363, 0.2264192020520568, 0.1656115148216486, 0.1872333651408553, 0.07075675949454308, 0.11275320313870907, 0.4048819188028574, 0.5272629577666521, 0.11518908105790615, 0.09812548011541367, 0.21648809406906366, 0.03692827373743057, 0.10241870582103729, 0.4761076676659286, 0.15570968948304653, 0.04976888559758663, 0.25757571682333946, 0.11425274983048439, 0.12179483938962221, 0.42761120293289423, 0.4608370806090534, 0.14289053156971931, 0.3833366371691227, 0.4072737218812108, 0.11390346195548773, 0.08294371608644724, 0.17855644784867764, 0.1316328253597021, 0.13010322023183107, 0.22224310506135225]"
18,Woodrow Wilson,"[0.20947535894811153, 0.21783031430095434, 0.19156462419778109, 0.23985549341887236, 0.16163573879748583, 0.16386311035603285, 0.23305628634989262, 0.21649876050651073, 0.22272508963942528, 0.38321430142968893, 0.2263163784518838, 0.14141219854354858, 0.2316011879593134, 0.21343309804797173, 0.09135019592940807, 0.19264264963567257, 0.2848962461575866, 0.24504343885928392, 0.21940346714109182, 0.1868328209966421, 0.11149824876338243, 0.2118087960407138, 0.39778208546340466, 0.1776118604466319, 0.22948270197957754, 0.40077247750014067, 0.23000789992511272, 0.2752579706721008, 0.17282477486878633, 0.3044763086363673, 0.17792428191751242, 0.20583573170006275, 0.1352596301585436, 0.14357619360089302, 0.2973509142175317, 0.166880888864398, 0.32829178031533957, 0.22410674300044775, 0.16271434165537357, 0.45331135392189026, 0.29398472234606743, 0.256868758238852, 0.23334127105772495, 0.3154994882643223, 0.16920096706598997, 0.1536809243261814, 0.15320127364248037, 0.27734202425926924, 0.16006100736558437, 0.32149340491741896, 0.28176150657236576, 0.25350337754935026, 0.1812669886276126, 0.3626166321337223, 0.15014065615832806, 0.13636490888893604, 0.18895188719034195, 0.2037802068516612, 0.20593175943940878, 0.24774292297661304, 0.17553121410310268, 0.22745567373931408, 0.1977925207465887, 0.20037523191422224, 0.3224017545580864, 0.3871222799643874, 0.21131899487227201, 0.3821640517562628, 0.31640341505408287, 0.21590418927371502, 0.21652711648494005, 0.3332879161462188, 0.4146227678284049, 0.4333757469430566, 0.36193779902532697, 0.10112963896244764, 0.1899076011031866, 0.13343915343284607, 0.15745418332517147, 0.21882012393325567, 0.1630493625998497, 0.199971379712224, 0.24338816478848457, 0.19621377158910036, 0.13693024590611458, 0.18016467429697514, 0.3580519035458565, 0.32125300262123346, 0.21059822849929333, 0.13485773745924234, 0.3257821323350072, 0.24426551535725594, 0.22664612345397472, 0.3422391954809427, 0.20813280064612627, 0.23554541915655136, 0.15643397625535727, 0.23689754121005535, 0.29014342837035656, 0.12174111511558294]"
19,William Howard Taft,"[0.17918838188052177, 0.2760820440016687, 0.1459483727812767, 0.1589931445196271, 0.1848739180713892, 0.22760977130383253, 0.25118649331852794, 0.15039789117872715, 0.22210372425615788, 0.21458138898015022, 0.2118434403091669, 0.240446119569242, 0.20983114652335644, 0.1178533062338829, 0.22531163413077593, 0.13607308361679316, 0.2597698550671339, 0.13237902987748384, 0.2089302772656083, 0.1939852386713028, 0.24600286269560456, 0.2053940650075674, 0.23346237000077963, 0.1997723327949643, 0.3137872461229563, 0.19839817564934492, 0.2878798609599471, 0.2261174744926393, 0.16735953465104103, 0.26677340641617775, 0.28487059008330107, 0.29442818416282535, 0.1964456499554217, 0.19523014687001705, 0.19152079056948423, 0.21870897058397532, 0.2387046879157424, 0.18379611615091562, 0.12544164527207613, 0.07312462478876114, 0.23942019930109382, 0.49204482277855277, 0.2543324902653694, 0.14366957731544971, 0.19520336296409369, 0.19160603359341621, 0.18350717425346375, 0.1961221108213067, 0.17545113898813725, 0.14900477044284344, 0.22888386063277721, 0.3875962421298027, 0.2765038600191474, 0.22026978339999914, 0.35099563375115395, 0.19869970344007015, 0.1749220034107566, 0.17794241942465305, 0.1704733408987522, 0.30316646210849285, 0.27999571431428194, 0.12584098614752293, 0.11625093780457973, 0.24444924760609865, 0.21171204932034016, 0.22473574802279472, 0.36875769030302763, 0.27559599792584777, 0.26739713829010725, 0.28847392927855253, 0.18057477660477161, 0.16426148265600204, 0.14579120371490717, 0.20018958393484354, 0.09970541205257177, 0.2012903019785881, 0.09092879109084606, 0.28757263254374266, 0.42786160204559565, 0.22795873135328293, 0.15749465767294168, 0.3503925343975425, 0.3960297564044595, 0.3134770691394806, 0.16071304213255644, 0.22600155975669622, 0.18964962288737297, 0.26550773717463017, 0.27548806462436914, 0.2606315342709422, 0.18679924868047237, 0.16631165519356728, 0.10415392927825451, 0.1791614182293415, 0.19933010637760162, 0.1735729966312647, 0.2438178975135088, 0.19902609661221504, 0.4258367163129151, 0.1997805330902338]"
20,Theodore Roosevelt,"[0.6253161667846143, 0.37794296303763986, 0.448775508441031, 0.5038095004856586, 0.34047133568674326, 0.3928014123812318, 0.5778648066334426, 0.47726845368742943, 0.6718316609039903, 0.39197450084611773, 0.39059870317578316, 0.7630385356023908, 0.33643995551392436, 0.38408589642494917, 0.4342938233166933, 0.4719780497252941, 0.5213977033272386, 0.33705941028892994, 0.38138664700090885, 0.5432949680835009, 0.2913614362478256, 0.6152555025182664, 0.39006065391004086, 0.2698897561058402, 0.5596465053968132, 0.24858827656134963, 0.592113412450999, 0.6337880920618773, 0.713947581127286, 0.6396264894865453, 0.735483942553401, 0.6521403938531876, 0.683416542597115, 0.44283803598955274, 0.6672564004547894, 0.4854524051770568, 0.6101496419869363, 0.41109229205176234, 0.7941074981354177, 0.42560705728828907, 0.6792413168586791, 0.7928945519961417, 0.291158608160913, 0.22879516799002886, 0.7635773660149425, 0.6513901804573834, 0.6783554633148015, 0.29871956957504153, 0.10053499788045883, 0.5386879686266184, 0.624361767899245, 0.37673666374757886, 0.7350349815096706, 0.5790262608788908, 0.4261901592835784, 0.38908891938626766, 0.6659874645993114, 0.48214887641370296, 0.5531767853535712, 0.7208533673547208, 0.5516984108835459, 0.7084722863510251, 0.5644383090548217, 0.28953906148672104, 0.5019164783880115, 0.7175068664364517, 0.576259080786258, 0.4280553935095668, 0.46334462705999613, 0.5169461225159466, 0.48892128793522716, 0.5447678337804973, 0.5174386501312256, 0.5799707905389369, 0.3415856738574803, 0.6885198056697845, 0.25457098986953497, 0.5377259589731693, 0.3820123402401805, 0.43819571286439896, 0.7524054297246039, 0.44770043436437845, 0.7284410034772009, 0.3552187057211995, 0.704409459605813, 0.5809149090200663, 0.3743194383569062, 0.5075490213930607, 0.6658474099822342, 0.3848933451808989, 0.46157484129071236, 0.414020786061883, 0.6278215856291354, 0.4887554286979139, 0.5208469913341105, 0.4971087519079447, 0.37749380292370915, 0.5538812750019133, 0.5671543469652534, 0.3629919793456793]"
21,William McKinley,"[0.07512585632503033, 0.1315550860017538, 0.0972670428454876, 0.05840245075523853, 0.34792750887572765, 0.11709003150463104, 0.18997473642230034, 0.14789312332868576, 0.08311321213841438, 0.44320743158459663, 0.4099583341740072, 0.03446127846837044, 0.08414659090340137, 0.14762343559414148, 0.07418020628392696, 0.07606912404298782, 0.11050586961209774, 0.16291039064526558, 0.19331694766879082, 0.09252025187015533, 0.1108253002166748, 0.11025637947022915, 0.09931424260139465, 0.05489244684576988, 0.3132671229541302, 0.08929936960339546, 0.11681274883449078, 0.277631645090878, 0.14250703435391188, 0.14900299161672592, 0.3141497792676091, 0.5016073985025287, 0.10661987401545048, 0.07913198508322239, 0.49825844494625926, 0.18283887393772602, 0.144446125254035, 0.1742992177605629, 0.1090685073286295, 0.11338337138295174, 0.12356930039823055, 0.13943388126790524, 0.05752634070813656, 0.26125853788107634, 0.11230526491999626, 0.033209601417183876, 0.09509212896227837, 0.10802875645458698, 0.06141388975083828, 0.07742276415228844, 0.13601513020694256, 0.1482210960239172, 0.11607257649302483, 0.08356584049761295, 0.07334320805966854, 0.03657443821430206, 0.23473143205046654, 0.13688443414866924, 0.1158482301980257, 0.11165556497871876, 0.12151630781590939, 0.19638463109731674, 0.17604024522006512, 0.1684433901682496, 0.10784576646983624, 0.11554192751646042, 0.13003932312130928, 0.1257058698683977, 0.15343070030212402, 0.1483752615749836, 0.1020058374851942, 0.06112434342503548, 0.18529632408171892, 0.09376142174005508, 0.14808718860149384, 0.0936759002506733, 0.2086335550993681, 0.1673010177910328, 0.16283242776989937, 0.04856957495212555, 0.16898456867784262, 0.47682095412164927, 0.12407513707876205, 0.168772516772151, 0.20074979308992624, 0.05499066226184368, 0.18023214302957058, 0.07081646844744682, 0.07802743278443813, 0.10168717987835407, 0.09363953582942486, 0.05845409445464611, 0.13371900096535683, 0.1428652796894312, 0.09275207296013832, 0.06986279971897602, 0.1739050867035985, 0.09465718641877174, 0.3632449107244611, 0.06331676244735718]"
22,Grover Cleveland,"[0.29246612172573805, 0.19086811412125826, 0.15171652380377054, 0.15892932936549187, 0.15835891664028168, 0.16190788615494967, 0.291667721234262, 0.23914619907736778, 0.14287823252379894, 0.10581254214048386, 0.14917625486850739, 0.15778970252722502, 0.16700849123299122, 0.2732959408313036, 0.17893973365426064, 0.1622999869287014, 0.4202719391323626, 0.10918593779206276, 0.29126032534986734, 0.12914127111434937, 0.27776966616511345, 0.2197845373302698, 0.2639663238078356, 0.2733846977353096, 0.1564660733565688, 0.30236805276945233, 0.14584951661527157, 0.43720356561243534, 0.2501824302598834, 0.2252443991601467, 0.1427419614046812, 0.19971567671746016, 0.19466847088187933, 0.22913420014083385, 0.13982893899083138, 0.35594609659165144, 0.19013796746730804, 0.29462642781436443, 0.25275224912911654, 0.24829671159386635, 0.14734522718936205, 0.16338738147169352, 0.15568792540580034, 0.19114752300083637, 0.2876403210684657, 0.13940249010920525, 0.41563325840979815, 0.18398879654705524, 0.24822409823536873, 0.2133691431954503, 0.45838358346372843, 0.21896274387836456, 0.24554571602493525, 0.09458664059638977, 0.19038345757871866, 0.2840088065713644, 0.3890016605146229, 0.18016769364476204, 0.20760335680097342, 0.17998384032398462, 0.20394016802310944, 0.2240465208888054, 0.10760059300810099, 0.05534594506025314, 0.20270431321114302, 0.19453159719705582, 0.18151603918522596, 0.35203769337385893, 0.26169137191027403, 0.13347739912569523, 0.20078797079622746, 0.2117717219516635, 0.4294687449000776, 0.2844503941014409, 0.12523302994668484, 0.1860350277274847, 0.09188862331211567, 0.19112423714250326, 0.14192165900021791, 0.16918672993779182, 0.41327175637707114, 0.2954437080770731, 0.13095565605908632, 0.3264463348314166, 0.20579564850777388, 0.24421033170074224, 0.21255218610167503, 0.26110483426600695, 0.16291797999292612, 0.23848843853920698, 0.265658188611269, 0.1110190637409687, 0.07140982523560524, 0.21766558941453695, 0.25930106453597546, 0.31538392696529627, 0.23980732169002295, 0.2797662764787674, 0.18799947574734688, 0.39765266329050064]"
