,Joe Biden,Donald Trump,Barack Obama,George W. Bush,Bill Clinton,George H. W. Bush,Ronald Reagan,Jimmy Carter,Gerald Ford,Richard Nixon,Lyndon B. Johnson,John F. Kennedy,Dwight D. Eisenhower,Harry S. Truman,Franklin D. Roosevelt,Herbert Hoover,Calvin Coolidge,Warren G. Harding,Woodrow Wilson,William Howard Taft,Theodore Roosevelt,William McKinley,Grover Cleveland
0,0.9453635178506374,0.9242261946201324,0.9326950255781412,0.8898197095841169,0.9199330806732178,0.8807456027716398,0.9084715452045202,0.8844202626496553,0.9252727590501308,0.7969902493059635,0.9407052602618933,0.8114907555282116,0.8590181805193424,0.9039189144968987,0.8921591490507126,0.9129290301352739,0.928038808517158,0.9143699835985899,0.9012293424457312,0.9293373376131058,0.9151150789111853,0.9011649340391159,0.8927397318184376
1,0.9828726560808718,0.9751857700757682,0.981379407690838,0.9687410653568804,0.9742950932122767,0.9657486318610609,0.974125717068091,0.961816621478647,0.9748467463068664,0.9456665674224496,0.9714088602922857,0.9633130766451359,0.9668641374446452,0.9721543060149997,0.9768853799905628,0.9565141582861543,0.9733631883282214,0.9722284353338182,0.967151990858838,0.9777938842307776,0.9748577522113919,0.9655178121756762,0.9656529345083982
2,0.8782237954437733,0.8580444175750017,0.8359727896749973,0.7169042862951756,0.757129218429327,0.69139114767313,0.8186485413461924,0.6405319944024086,0.7992690112441778,0.5446714162826538,0.7363540753722191,0.6507467962801456,0.7104748673737049,0.7910085394978523,0.8307203408330679,0.6022758409380913,0.7767378408461809,0.7905654981732368,0.6444167271256447,0.8402098417282104,0.8244349677115679,0.710270419716835,0.7710311934351921
3,0.960663185454905,0.9399465415626764,0.947364398278296,0.9132329858839512,0.9316276330500841,0.902218559756875,0.9110838761553168,0.9094786643981934,0.9356061853468418,0.8235245253890753,0.935578134842217,0.8663370162248611,0.8828181447461247,0.9265825934708118,0.9112115344032645,0.9212489584460855,0.938501269556582,0.9317917358130217,0.931662074290216,0.9465417484752834,0.9380435394123197,0.9250759622082114,0.9050414375960827
4,0.20140549540519714,-0.4967295229434967,-0.10572031140327454,-0.4037441909313202,-0.2223261296749115,-0.28771086037158966,-0.18761636316776276,-0.18048997223377228,0.0032905638217926025,-0.29772157967090607,0.13778157532215118,-0.03973281383514404,0.07885497808456421,-0.026163548231124878,0.3801206350326538,-0.27257561683654785,0.37720613181591034,0.1900888830423355,0.1226995587348938,0.4356957972049713,0.2778877913951874,0.05782344937324524,0.16411253809928894
5,0.9606996956281364,0.6882500164210796,0.9494910235516727,0.8743215911090374,0.8892659554257989,0.8698625788092613,0.9031963888555765,0.8935711365193129,0.9331823093816638,0.8114016028121114,0.9203184652142227,0.8934788042679429,0.9004510012455285,0.9253708431497216,0.9487762907519937,0.8901701364666224,0.941945964936167,0.937051409855485,0.9312033033929765,0.9534158215392381,0.9448394747450948,0.9014807888306677,0.9348235591314733
6,0.9800866334699094,0.9775787019170821,0.9776091622188687,0.9637108347378671,0.9707379448227584,0.9598381225951016,0.9750553937628865,0.9627158842049539,0.9705685037188232,0.9453453393653035,0.9694506828673184,0.9600555654615164,0.9646221660077572,0.9729220289736986,0.9761794414371252,0.9545120089314878,0.9733287002891302,0.9690644815564156,0.9680388369597495,0.9778601606376469,0.9735036920756102,0.9602200938388705,0.9721284192055464
7,0.9716956191696227,0.9613622771576047,0.9671285399235785,0.9478004211559892,0.9604871030896902,0.940502442419529,0.9597813142463565,0.9581357622519135,0.9690058655105531,0.9328846046701074,0.96627990109846,0.9317110674455762,0.9494787529110909,0.9600448058918118,0.9577494962140918,0.9672918026335537,0.96936223981902,0.963931595440954,0.9621745669282973,0.9676973316818476,0.9656877610832453,0.9671303271315992,0.9572512162849307
8,0.9818360251374543,0.9745697125326842,0.9772764663212001,0.9592435020022094,0.973177871434018,0.9525803280994296,0.9753400783520192,0.9592641848139465,0.972525276010856,0.9417246179655194,0.9622663690242916,0.9509955048561096,0.9570499956607819,0.9694224155973643,0.9718768419697881,0.9540732819586992,0.9728085538372397,0.9693498318083584,0.9659507656469941,0.9749594335444272,0.971466138958931,0.9629386002197862,0.9727164835203439
9,0.9566396158188581,0.9174691336229444,0.9476307635195553,0.8700526496395469,0.9243695484474301,0.8502173442393541,0.9232144309207797,0.8610416557639837,0.9164579738862813,0.8187021007761359,0.904180446639657,0.8561307583004236,0.8734672125428915,0.907193411141634,0.9303062953986228,0.836717733182013,0.8743384159170091,0.9225440486334264,0.8887881343252957,0.9077585372142494,0.9140082630328834,0.8517967825755477,0.908148133661598
10,0.9489250998012722,0.9131398815661669,0.9414206678047776,0.8395282011479139,0.8839166145771742,0.8097740225493908,0.8602654878050089,0.8691936265677214,0.8973487168550491,0.6565075591206551,0.9029224431142211,0.7202373668551445,0.7620518654584885,0.8605085182935,0.8420335631817579,0.8231202214956284,0.9199229506775737,0.8871894739568233,0.8206015694886446,0.9021126292645931,0.8841621819883585,0.8363075014203787,0.8854044424369931
11,0.944256963673979,0.9259566115215421,0.9240485513582826,0.8468440901488066,0.8779374472796917,0.8076055645942688,0.9093085518106818,0.8209044728428125,0.8641739906743169,0.7261563893407583,0.8640159480273724,0.7680203430354595,0.8492812290787697,0.8672070624306798,0.9025245495140553,0.8149214815348387,0.8765400759875774,0.8676002966240048,0.8178085889667273,0.9203015901148319,0.8766010981053114,0.8172423783689737,0.88573441747576
12,0.9647733215242624,0.9443428004160523,0.9552020649425685,0.9094892935827374,0.9354742849245667,0.8955980101600289,0.9174374006688595,0.9360819822177291,0.9441528259776533,0.85933942720294,0.9536989871412516,0.9199696006253362,0.9322096831165254,0.9562965407967567,0.9517770307138562,0.9514406998641789,0.9619014356285334,0.9573630522936583,0.9530149190686643,0.9616075269877911,0.9605423170141876,0.9531480241566896,0.9467205828987062
13,0.9283461174927652,0.7435054630041122,0.874578470364213,0.6425761729478836,0.6374765522778034,0.6993703749030828,0.7268569115549326,0.7049160152673721,0.7132732458412647,0.3237921670079231,0.8154607834294438,0.6807012408971786,0.741886593401432,0.8258398687466979,0.8833879567682743,0.6906988173723221,0.8315917663276196,0.8367526549845934,0.7942667063325644,0.8935700859874487,0.8930450910702348,0.7707017753273249,0.7221607752144337
14,0.939469083212316,0.5752337425947189,0.9279769295826554,0.7815230116248131,0.7344600409269333,0.7848850153386593,0.8667492400854826,0.7859562672674656,0.8584169801324606,0.1921982616186142,0.8724409472197294,0.7334763072431087,0.7997888159006834,0.8719665128737688,0.8601911477744579,0.8312408290803432,0.8889265041798353,0.8119238130748272,0.8271252512931824,0.8904787972569466,0.9209075812250376,0.8453445266932249,0.7411466576159
15,0.20872928947210312,-0.151389017701149,0.11917407810688019,-0.06704489886760712,-0.13411177694797516,-0.007672339677810669,-0.019832655787467957,0.008129194378852844,0.005413845181465149,-0.1297219693660736,0.20998015254735947,0.1202184408903122,0.24600111693143845,0.3002365753054619,0.4535624887794256,0.029736682772636414,0.40991129726171494,0.30072589591145515,0.3361901827156544,0.5034277159720659,0.31755539029836655,0.1626434177160263,0.1533752903342247
16,0.978303786367178,0.9761347402818501,0.976857990026474,0.9654026594944298,0.9749401453882456,0.9604192464612424,0.9687299421057105,0.96184516325593,0.9729421548545361,0.9505580021068454,0.9725167693104595,0.9578424864448607,0.9617299730889499,0.9666054965928197,0.9691018457524478,0.9614159613847733,0.9671799442730844,0.9678816366940737,0.9728042804636061,0.9745866348966956,0.9778407481499016,0.9715674221515656,0.9564472422935069
17,0.978023040574044,0.9769434574991465,0.975991906132549,0.9614639608189464,0.9722748384810984,0.9566247314214706,0.9713606350123882,0.9690141812898219,0.9732139790430665,0.9561852840706706,0.9646040932275355,0.9632453485392034,0.9638001332059503,0.9713728097267449,0.9719319096766412,0.9531547287479043,0.9706025738269091,0.9682434741407633,0.971496278885752,0.9759123036637902,0.9725011317059398,0.9656868199817836,0.9654774200171232
18,0.9380315179005265,0.9303721180185676,0.927082659676671,0.8508651629090309,0.9018497709184885,0.8140224479138851,0.9104740805923939,0.8288533482700586,0.8923671171069145,0.7569619305431843,0.8792219292372465,0.7667273096740246,0.850331811234355,0.8933106809854507,0.9006376266479492,0.8203426860272884,0.8912319848313928,0.8986478755250573,0.8448601365089417,0.9189001740887761,0.8914445284754038,0.8425356335937977,0.9014831455424428
19,0.9692119657993317,0.7677493318915367,0.9536145492456853,0.9042929578572512,0.9380108485929668,0.8852783506736159,0.9308324903249741,0.9388462244533002,0.9641590649262071,0.9038886716589332,0.9537053401581943,0.9339824276976287,0.9398766872473061,0.9525661240331829,0.9662278527393937,0.9317844123579562,0.9643598920665681,0.9628662732429802,0.9541143891401589,0.968181817792356,0.9550115927122533,0.9594906228594482,0.9669313074555248
20,0.8513385644182563,0.604388065636158,0.8296599425375462,0.5748470164835453,0.661231029778719,0.48308367282152176,0.6131125632673502,0.5759519524872303,0.6609813515096903,0.374142836779356,0.6514220805838704,0.4082082025706768,0.46222969330847263,0.6781914420425892,0.5916123408824205,0.6006129514425993,0.719332511536777,0.6275481097400188,0.7385525517165661,0.7184299165382981,0.7547893822193146,0.6202060468494892,0.5932750087231398
21,0.9191447165794671,0.8984259320423007,0.9089671233668923,0.8414374403655529,0.8296131761744618,0.8038383759558201,0.8744340846315026,0.7890273947268724,0.840730506926775,0.705964233726263,0.8636503126472235,0.7748530767858028,0.8333229832351208,0.8667244222015142,0.8991451472975314,0.794842635281384,0.8277881508693099,0.8422759464010596,0.8334573628380895,0.8981308094225824,0.8648929726332426,0.7989989724010229,0.8561285152100027
22,0.9629428749904037,0.9523634710349143,0.9524931940250099,0.8802968543022871,0.9381933407858014,0.8785186298191547,0.9223506413400173,0.898459973745048,0.9390487475320697,0.8075618166476488,0.9225691887550056,0.8816736619919538,0.8863378884270787,0.9315747856162488,0.9409626657143235,0.8856924939900637,0.9281156398355961,0.9414767492562532,0.9248102344572544,0.947611321695149,0.912914159707725,0.9028438646346331,0.9435355770401657
23,0.9640231360681355,0.9379445081576705,0.9524763021618128,0.8852980025112629,0.9368396960198879,0.8627463784068823,0.9163347305729985,0.9504129025153816,0.9700390822254121,0.8668550085276365,0.9663757646922022,0.8788160514086485,0.9562279968522489,0.9280669884756207,0.9139790637418628,0.96116415085271,0.9596850052475929,0.9558829343877733,0.9576915483921766,0.9534993749111891,0.9347666660323739,0.9678345969878137,0.9445214979350567
24,0.960077210329473,0.9614725727587938,0.9579868381842971,0.9308513756841421,0.9510398274287581,0.9210676196962595,0.9421828296035528,0.9235178511589766,0.9543888731859624,0.883221659809351,0.9529093871824443,0.8868498895317316,0.9017085982486606,0.9392183376476169,0.9336542962118983,0.9419574737548828,0.9452915051952004,0.9440014818683267,0.916579014621675,0.9513578927144408,0.9415437169373035,0.9315785188227892,0.9280086001381278
25,0.9564666608348489,0.8444322142750025,0.9339845208451152,0.7933876980096102,0.8756539626047015,0.7717749141156673,0.8445997769013047,0.7693315576761961,0.8113009072840214,0.5097177028656006,0.804658317938447,0.7901922333985567,0.7701343968510628,0.8486178405582905,0.874772110953927,0.6219857819378376,0.7256738841533661,0.8424109080806375,0.7456948440521955,0.8172285938635468,0.8291565105319023,0.6564581263810396,0.8434234149754047
26,0.960277927108109,0.07112547755241394,0.9687768165022135,0.9066019617021084,0.8911902084946632,0.9185558632016182,0.9403060078620911,0.9426314132288098,0.9668484628200531,0.6102453842759132,0.9631484001874924,0.9196745902299881,0.9360889787785709,0.9586538895964622,0.9564311727881432,0.9558047675527632,0.9683393989689648,0.953355728648603,0.9645662987604737,0.9680901118554175,0.9677298460155725,0.9517450532875955,0.9395498652011156
27,0.958955648355186,0.9577658576890826,0.9496777858585119,0.9088364085182548,0.9250352359376848,0.8881885204464197,0.9398079817183316,0.8652573935687542,0.9166189483366907,0.809100684709847,0.9114162190817297,0.8463559038937092,0.8952795471996069,0.9040992199443281,0.9261267725378275,0.8788358150050044,0.9117357842624187,0.9027898302301764,0.8632529051974416,0.9235067563131452,0.9071639580652118,0.8610306847840548,0.9156621675938368
28,0.9649549932219088,0.9300889242440462,0.9506773196626455,0.8962582624517381,0.935738708358258,0.8801603009924293,0.9325851206667721,0.9054720113053918,0.9365643879864365,0.8553478089161217,0.9149567787535489,0.884483942296356,0.8942134557291865,0.922534195240587,0.9392879782244563,0.8787902458570898,0.931201423285529,0.9333781162276864,0.9261933858506382,0.934816217282787,0.9330513910390437,0.8961727670393884,0.9189613023772836
29,0.9714184459298849,0.95093625318259,0.965355443302542,0.935435002669692,0.9540057927370071,0.9138425318524241,0.9460093644447625,0.9492033272981644,0.9688335147220641,0.9150659209117293,0.9683808425907046,0.901299849152565,0.9286894258111715,0.946853369474411,0.9475418776273727,0.9612282924354076,0.9655150305479765,0.9552460652776062,0.9640409736894071,0.9686945176217705,0.9613694255240262,0.9591937283985317,0.9532671207562089
30,0.9775772641878575,0.976749612018466,0.9735074825584888,0.9607901382260025,0.9664382352493703,0.9573598918505013,0.9699758505448699,0.9607631582766771,0.9660508590750396,0.9316615266725421,0.9658270543441176,0.9534680019132793,0.9618665357120335,0.9680988537147641,0.9732957119122148,0.9627126096747816,0.9632744700647891,0.9651657822541893,0.958326131105423,0.9729303731583059,0.9711293494328856,0.9624184784479439,0.9670701655559242
31,0.6823908742517233,0.4923956170678139,0.5140771269798279,0.3742375522851944,0.350548692047596,0.36834920197725296,0.4874589294195175,0.4037090316414833,0.4314884878695011,0.24119877070188522,0.5635150074958801,0.3587631918489933,0.5401065219193697,0.5041874200105667,0.5654834117740393,0.39735183492302895,0.5570091418921947,0.5064249653369188,0.42303189635276794,0.6139312013983727,0.4687007814645767,0.34932368248701096,0.4714561700820923
32,0.9530168175697327,0.9475363194942474,0.9527089623734355,0.9046029597520828,0.9396103098988533,0.9020570050925016,0.9361565075814724,0.9205192271620035,0.943581216968596,0.8400091752409935,0.9315346758812666,0.9014134332537651,0.8997318185865879,0.9345578271895647,0.944708458147943,0.8960206285119057,0.940036348067224,0.9392517935484648,0.9292853502556682,0.9538553534075618,0.9267087634652853,0.9200581246986985,0.952097280882299
33,0.964096331037581,0.9665347924456,0.9648459181189537,0.9454279951751232,0.9616333208978176,0.9413564801216125,0.9620346436277032,0.9526884611696005,0.9675955134443939,0.946706997230649,0.9697533869184554,0.9206183515489101,0.9568559741601348,0.958690064959228,0.9584189802408218,0.9605222842656076,0.9627455929294229,0.9601255943998694,0.9592269407585263,0.9670098442584276,0.9642931465059519,0.9622241170145571,0.9545107437297702
34,0.9820766043849289,0.9739031668286771,0.9775982419960201,0.962331352988258,0.9760264118667692,0.9573518703691661,0.9768306850455701,0.9666858310811222,0.9751534853130579,0.9538021034095436,0.967061955248937,0.9582874230109155,0.9610603170003742,0.9716422716155648,0.9753058790229261,0.9636910592671484,0.976308855228126,0.9720501697156578,0.9709426693152636,0.9756742925383151,0.974682486616075,0.9686751095578074,0.9741627697367221
35,0.9364924510009587,0.8291227910667658,0.9276948450133204,0.8132918886840343,0.8753390600904822,0.7537329122424126,0.8312209248542786,0.812267554923892,0.878864792175591,0.6062554679811001,0.8839470245875418,0.651854258030653,0.7229195889085531,0.8482648190110922,0.7865795269608498,0.8591545848175883,0.8945922455750406,0.8363027172163129,0.8220078442245722,0.8937879456207156,0.8600604813545942,0.8675044048577547,0.7759716287255287
36,0.9700987692922354,0.9644036120735109,0.9665425508283079,0.9300796035677195,0.9454901991412044,0.9288849234580994,0.9372913837432861,0.9197946777567267,0.9347806964069605,0.8582928795367479,0.9300693441182375,0.9261917313560843,0.9219852229580283,0.9415837004780769,0.9536088081076741,0.8798130694776773,0.9442755542695522,0.9420703463256359,0.9481494445353746,0.9625232359394431,0.9504197919741273,0.9191553732380271,0.935533756390214
37,0.902385470457375,0.8138023000210524,0.8681489946320653,0.630158357322216,0.7314063180238008,0.5764171443879604,0.7467632349580526,0.751281600445509,0.8583389227278531,0.6059008855372667,0.8459529341198504,0.5739676803350449,0.7478825710713863,0.8030630266293883,0.8179503064602613,0.824748651124537,0.8741406272165477,0.8355291169136763,0.8119887402281165,0.8873660322278738,0.8768423749133945,0.8218201547861099,0.7853091144934297
38,0.9055924233980477,0.8711178991943598,0.8478977419435978,0.7638713521882892,0.7440952230244875,0.693377923220396,0.8223115280270576,0.6482243947684765,0.7600019779056311,0.6558297965675592,0.7319435030221939,0.6044424083083868,0.7188534745946527,0.7325938073918223,0.8158980933949351,0.6350670084357262,0.7717525893822312,0.6821464085951447,0.7387779792770743,0.7974801529198885,0.7739287065342069,0.6855038814246655,0.6253234473988414
39,0.9583850987255573,0.9506362769752741,0.9496457637287676,0.9073430327698588,0.936350611038506,0.8958030547946692,0.9059842759743333,0.897767866961658,0.9422421706840396,0.8601434230804443,0.9376347088254988,0.8655035179108381,0.8984434576705098,0.9273027125746012,0.92407544888556,0.9238274344243109,0.9320600600913167,0.9388566273264587,0.9142809240147471,0.9502411126159132,0.9425358260050416,0.9233244732022285,0.9080193629488349
40,0.9316590763628483,0.9185713506303728,0.9156400565989316,0.8551792614161968,0.9005821123719215,0.8219923190772533,0.9033895242027938,0.8564686262980103,0.9122804533690214,0.779261851683259,0.8720500050112605,0.7989591080695391,0.8354924879968166,0.9028439493849874,0.9013972319662571,0.8573327986523509,0.8991252603009343,0.8843658426776528,0.8632680606096983,0.9234139579348266,0.8960295282304287,0.8723226357251406,0.9203759296797216
41,0.9624286014586687,0.9601122820749879,0.960301524028182,0.906043766066432,0.9578624190762639,0.8866418227553368,0.9360201358795166,0.9300125036388636,0.9620127333328128,0.8702573180198669,0.9602835346013308,0.8501652851700783,0.8754996359348297,0.9208860024809837,0.9050180483609438,0.9449704117141664,0.9546084115281701,0.9418726926669478,0.9353758236393332,0.9503788659349084,0.9391883900389075,0.9472682410851121,0.9435523329302669
42,0.9760076231323183,0.9737938647158444,0.9728562091477215,0.9575882065109909,0.9675006438046694,0.9550333260558546,0.9678871463984251,0.9514737562276423,0.9652340533211827,0.9439281206578016,0.9618543554097414,0.9504854772239923,0.9585819677449763,0.9667565189301968,0.9708002731204033,0.9575006943196058,0.9650783976539969,0.9619787987321615,0.9609085000120103,0.9725443061906844,0.9690315877087414,0.958645855076611,0.9656043145805597
43,0.9561969209462404,0.8643976710736752,0.954540547914803,0.8610692117363214,0.906945925205946,0.8388856984674931,0.889874036423862,0.8969406150281429,0.912691954523325,0.6139010228216648,0.9287040228955448,0.8209085036069155,0.8450082456693053,0.9072455521672964,0.8948904667049646,0.8549589328467846,0.9364482406526804,0.8963877870701253,0.913840894587338,0.9316901708953083,0.9339700918644667,0.8788092182949185,0.866210887208581
44,0.9623770727775991,0.9475331539288163,0.953863023314625,0.8971699178218842,0.934192257001996,0.8624616647139192,0.9337026700377464,0.8707151561975479,0.9280695053748786,0.8261788608506322,0.9103479129262269,0.8700734665617347,0.8768626153469086,0.9133609929122031,0.9375826730392873,0.8560661757364869,0.8784196199849248,0.9201541850343347,0.8693918315693736,0.9073031828738749,0.9221290540881455,0.853710803668946,0.9137967843562365
45,0.9483951199799776,0.9168905010446906,0.9326976584270597,0.8934743627905846,0.9228257602080703,0.8644153457134962,0.8826112719252706,0.8695267140865326,0.8678682828322053,0.7422745209187269,0.8779112445190549,0.7945224680006504,0.7840241715312004,0.8783425567671657,0.8645748384296894,0.8392520528286695,0.8790272464975715,0.8788051698356867,0.8892620550468564,0.888230343349278,0.914555442519486,0.8535651592537761,0.8380325213074684
46,0.9798825774341822,0.9784088316373527,0.9776861323043704,0.9670705562457442,0.975249030161649,0.9627506388351321,0.9753486453555524,0.9725277619436383,0.9759261230938137,0.9637229135259986,0.9686509799212217,0.9668603097088635,0.9669402884319425,0.9733566474169493,0.9748772918246686,0.9628372099250555,0.9731708751060069,0.9714366113767028,0.9745945828035474,0.9782017532270402,0.9757236670702696,0.9692979934625328,0.9722245191223919
47,0.7957377228885889,0.739092655479908,0.7195976600050926,0.6053450852632523,0.5244552828371525,0.5811129957437515,0.6310805175453424,0.43979259952902794,0.5948772244155407,0.36346710473299026,0.6126588229089975,0.45732228457927704,0.6176749765872955,0.639555724337697,0.6707956381142139,0.4436352364718914,0.5818014033138752,0.605828246101737,0.4528268799185753,0.6880032271146774,0.5507753528654575,0.48175735771656036,0.589239276945591
48,0.9736601051408798,0.9080959083512425,0.9738033204339445,0.9446195312775671,0.9494442236609757,0.9417760567739606,0.9554300596937537,0.9398862342350185,0.9562539584003389,0.8900614571757615,0.9544548932462931,0.9350645123049617,0.9471261771395802,0.9596555533353239,0.968928205780685,0.9208535980433226,0.9601028973702341,0.9549974908586591,0.9526094954926521,0.9648439844604582,0.9643971275072545,0.93930086446926,0.9492113231681287
49,0.957707280293107,0.9403015254065394,0.94695361610502,0.8918078392744064,0.9295512558892369,0.8826359398663044,0.9028688706457615,0.914847930893302,0.9465409284457564,0.8008144851773977,0.9469945258460939,0.8575202040374279,0.8912921333685517,0.9227617001160979,0.9206457519903779,0.9370856340974569,0.9346770122647285,0.9373677000403404,0.9120899308472872,0.9472771733999252,0.9386547990143299,0.9271828569471836,0.9234788455069065
50,0.41201458405703306,0.10228439047932625,0.5701297237537801,0.16332180425524712,0.17457249015569687,0.11830269545316696,0.2736898176372051,0.15690220519900322,0.15541059663519263,0.042067136615514755,0.20173364179208875,0.18285183515399694,0.16345879808068275,0.3131687310524285,0.34229622036218643,0.15337231289595366,0.2557825124822557,0.29452938539907336,0.29076249711215496,0.3912577135488391,0.4409067123197019,0.18877887353301048,0.16041943989694118
51,0.12765590054914355,0.013647809624671936,0.11556074488908052,0.019853834062814713,0.04143675975501537,0.03763943910598755,0.06951328739523888,0.17029697727411985,0.08205601386725903,0.036743707954883575,0.10994135634973645,0.07150351908057928,0.09178034588694572,0.11866512941196561,0.21876103105023503,0.04421424400061369,0.23321853391826153,0.12195870745927095,0.16546229319646955,0.2547184668947011,0.18240819359198213,0.08208766020834446,0.09380403300747275
52,-0.7329914895817637,-0.7784703532233834,-0.7533347913995385,-0.8185344603843987,-0.7292988244444132,-0.8112248373217881,-0.7103276904672384,-0.7586340699344873,-0.7863043341785669,-0.7365209460258484,-0.7393030095845461,-0.757699285633862,-0.7196483248844743,-0.7570024710148573,-0.7618311904370785,-0.7334599662572145,-0.6403842661529779,-0.7891068961471319,-0.7766250101849437,-0.6739526018500328,-0.7445667693391442,-0.6874347422271967,-0.6929548708721995
53,-0.783068161457777,-0.7891033720225096,-0.7879863101989031,-0.8688845951110125,-0.7341023962944746,-0.8600852116942406,-0.7722550332546234,-0.8189111240208149,-0.8473596898838878,-0.7606434393674135,-0.8776648733764887,-0.830054416321218,-0.8077869582921267,-0.8388423202559352,-0.8619451345875859,-0.829271043650806,-0.797528050839901,-0.8392893988639116,-0.8679043538868427,-0.850484169088304,-0.7793415244668722,-0.7923318054527044,-0.8182408176362514
54,-0.3954732343554497,-0.5461058430373669,-0.5045249536633492,-0.5960531644523144,-0.5691863484680653,-0.5567363798618317,-0.43393490836024284,-0.45842980220913887,-0.5253185220062733,-0.5209626890718937,-0.37565284222364426,-0.42204995825886726,-0.35778748989105225,-0.4118158370256424,-0.3650086671113968,-0.49506594985723495,-0.24027517437934875,-0.44727322831749916,-0.5145109370350838,-0.25816529244184494,-0.37727712094783783,-0.39596860855817795,-0.45594998821616173
55,-0.7585622631013393,-0.7996313218027353,-0.7578640431165695,-0.8499902645125985,-0.7254624729976058,-0.8392777368426323,-0.7437751591205597,-0.7475965898483992,-0.8026146339252591,-0.7331872638314962,-0.7173368483781815,-0.77814313583076,-0.7489934451878071,-0.7616164954379201,-0.742330014705658,-0.7246466921642423,-0.5864874068647623,-0.7950110351666808,-0.7850878061726689,-0.5636329222470522,-0.7469317018985748,-0.633284792304039,-0.6833904292434454
56,-0.769016807898879,-0.8611269276589155,-0.7217941042035818,-0.8578135361894965,-0.8137321174144745,-0.8222249113023281,-0.8253524452447891,-0.7734299879521132,-0.8027855139225721,-0.8051289105787873,-0.5052027553319931,-0.6929012015461922,-0.5900449119508266,-0.6062785722315311,-0.5470059216022491,-0.7752092191949487,-0.5305349230766296,-0.6864654645323753,-0.5801417157053947,-0.2158224880695343,-0.5027657523751259,-0.5936249829828739,-0.7460896577686071
57,-0.3750650901347399,-0.44322950951755047,-0.37254196405410767,-0.5343249896541238,-0.3409550543874502,-0.5051385657861829,-0.31810437329113483,-0.35357089899480343,-0.4076484953984618,-0.3549613934010267,-0.35276154056191444,-0.3695830451324582,-0.3234943989664316,-0.36440675519406796,-0.3108347561210394,-0.336713595315814,-0.2120998501777649,-0.3826427310705185,-0.40641372464597225,-0.22745195403695107,-0.32852863520383835,-0.2738248994573951,-0.2966614030301571
58,-0.1804255098104477,-0.3907731659710407,-0.35318394377827644,-0.5637097638100386,-0.34730166755616665,-0.5173270497471094,-0.31410540267825127,-0.40685256756842136,-0.30299732834100723,-0.4086253009736538,-0.3160145655274391,-0.35988032445311546,-0.3127507232129574,-0.31464970484375954,-0.31026993319392204,-0.3407097551971674,-0.10336057096719742,-0.3647652715444565,-0.36991239339113235,-0.12879923731088638,-0.3121035136282444,-0.16940292716026306,-0.17675937339663506
59,-0.26179127022624016,-0.349390409886837,-0.30400819703936577,-0.4777463851496577,-0.283720500767231,-0.4490127135068178,-0.2567249182611704,-0.2948926594108343,-0.30756947584450245,-0.3048680145293474,-0.23304583877325058,-0.2996511906385422,-0.24088905565440655,-0.27694849856197834,-0.26027001440525055,-0.29582176357507706,-0.1694999374449253,-0.2967690471559763,-0.32743898406624794,-0.18427160754799843,-0.24299989826977253,-0.19351178035140038,-0.278921814635396
60,-0.01052604615688324,-0.5091184079647064,-0.26581333577632904,-0.6556308660656214,-0.2450099065899849,-0.5330342389643192,-0.34081561490893364,-0.44535329937934875,-0.49871283769607544,-0.24424070864915848,-0.2637527883052826,-0.2766445279121399,-0.12225358188152313,-0.22638973593711853,0.06760621070861816,-0.36668960750102997,0.09195553511381149,-0.13530658185482025,-0.2443716749548912,0.145187646150589,0.12580866366624832,-0.10620035976171494,-0.49363255873322487
61,-0.23276715353131294,-0.2696729190647602,-0.23941154032945633,-0.38616207242012024,-0.21624483354389668,-0.3737802002578974,-0.24845746345818043,-0.23574967309832573,-0.30009934678673744,-0.24038707092404366,-0.22721926495432854,-0.2565243151038885,-0.22641781717538834,-0.25011179596185684,-0.24161557480692863,-0.2413723524659872,-0.18655826151371002,-0.2745853401720524,-0.35658414475619793,-0.19556807354092598,-0.2508705072104931,-0.1564308013767004,-0.19948203675448895
62,-0.6787315513938665,-0.6860359758138657,-0.6292642988264561,-0.7650306141003966,-0.5826255921274424,-0.7531223800033331,-0.6059031821787357,-0.6107879877090454,-0.6761094750836492,-0.5994983036071062,-0.6209616232663393,-0.6464925529435277,-0.6282047815620899,-0.6163148749619722,-0.6243333946913481,-0.646778142079711,-0.5580729097127914,-0.6787039693444967,-0.6895549455657601,-0.4930034317076206,-0.6264273338019848,-0.5371006019413471,-0.6033705417066813
63,-0.2897505648434162,-0.32050492614507675,-0.30830756574869156,-0.4382572453469038,-0.28933324106037617,-0.39874804951250553,-0.2903589457273483,-0.27018461376428604,-0.34239298664033413,-0.29488351941108704,-0.26642511412501335,-0.3098207116127014,-0.27676689997315407,-0.28612721152603626,-0.2650693617761135,-0.27471310272812843,-0.15533816069364548,-0.2960820570588112,-0.36819460801780224,-0.1437464952468872,-0.2840223014354706,-0.20677565969526768,-0.18582094460725784
64,-0.7077685222029686,-0.7665505902841687,-0.7418268723413348,-0.8272384265437722,-0.7325842855498195,-0.8127160975709558,-0.7357588661834598,-0.7474825046956539,-0.7876634132117033,-0.7314316872507334,-0.7187571730464697,-0.7585336985066533,-0.7157109435647726,-0.7201410299167037,-0.7532082302495837,-0.7397194290533662,-0.6137606110423803,-0.7725194599479437,-0.7789002433419228,-0.621956367045641,-0.7574627175927162,-0.6880436530336738,-0.6588803045451641
65,0.060459405183792114,-0.2246476411819458,-0.10833580791950226,-0.3359007276594639,-0.17158398777246475,-0.3071987256407738,-0.16973625496029854,-0.32964952662587166,-0.22047725692391396,-0.2589595429599285,-0.16687296703457832,-0.17795855924487114,-0.1505124606192112,-0.11076619476079941,-0.14208732545375824,-0.2566284202039242,0.007456347346305847,-0.1604037843644619,-0.20666417852044106,-0.048600032925605774,-0.17507021874189377,-0.09683896973729134,-0.22088563069701195
66,-0.195085059851408,-0.2536437511444092,-0.25525010749697685,-0.4252568855881691,-0.24037839099764824,-0.38628434017300606,-0.2330283671617508,-0.34320201352238655,-0.3232159949839115,-0.32589459978044033,-0.24844929575920105,-0.3136331709101796,-0.27681452222168446,-0.28266969695687294,-0.26364519633352757,-0.312864757142961,-0.19026139192283154,-0.35543824546039104,-0.3962055053561926,-0.18159906566143036,-0.2714781817048788,-0.2124521378427744,-0.24551828764379025
67,-0.6209660694003105,-0.7308892831206322,-0.6158115975558758,-0.7316788602620363,-0.7248777840286493,-0.6841698810458183,-0.5849010087549686,-0.4825921356678009,-0.6435528993606567,-0.6708511859178543,-0.3999432101845741,-0.5419438369572163,-0.41260895878076553,-0.47618556022644043,-0.1677943766117096,-0.5668344534933567,0.024533405900001526,-0.522500291466713,-0.4138142839074135,0.03760287165641785,-0.3620048686861992,-0.47352977842092514,-0.5186570733785629
68,-0.4142424613237381,-0.5694063659757376,-0.4751951266080141,-0.599705221131444,-0.4913734272122383,-0.572781078517437,-0.4251042492687702,-0.485406706109643,-0.5592173337936401,-0.5110732074826956,-0.4356632921844721,-0.4871978219598532,-0.43575290590524673,-0.45417724922299385,-0.4157886169850826,-0.5186212807893753,-0.26212287321686745,-0.5057249758392572,-0.5226099230349064,-0.29378024116158485,-0.4632983058691025,-0.44449811056256294,-0.38724260590970516
69,-0.6935417540371418,-0.7493634959682822,-0.7079343162477016,-0.8169504855759442,-0.6695754509419203,-0.8160980585962534,-0.6875638803467155,-0.7150794183835387,-0.7588453134521842,-0.6993344677612185,-0.6813956694677472,-0.7487143222242594,-0.6984523572027683,-0.7001163046807051,-0.7276451690122485,-0.7074201358482242,-0.5370736103504896,-0.7806880911812186,-0.7709403103217483,-0.6071270843967795,-0.716944232583046,-0.6201326679438353,-0.6198113467544317
70,-0.2839449718594551,-0.3784487918019295,-0.31803493574261665,-0.4748044041916728,-0.2971609812229872,-0.4432958774268627,-0.2778809629380703,-0.3359477836638689,-0.35587730165570974,-0.329941812902689,-0.314334187656641,-0.33952728286385536,-0.28705831058323383,-0.3064237367361784,-0.2905263528227806,-0.3309457078576088,-0.17287147790193558,-0.3106692563742399,-0.40383697766810656,-0.18265316262841225,-0.2943213190883398,-0.22438516095280647,-0.2322854157537222
71,-0.6851918417960405,-0.6633545458316803,-0.6666689924895763,-0.7686441484838724,-0.5931565817445517,-0.7507317140698433,-0.6454450767487288,-0.6036015264689922,-0.7274515423923731,-0.595289446413517,-0.6082030367106199,-0.6530238278210163,-0.5533669628202915,-0.6491734925657511,-0.5995883047580719,-0.6026742849498987,-0.4952983595430851,-0.6801126059144735,-0.6700186152011156,-0.5047000013291836,-0.6029530167579651,-0.5545102674514055,-0.6637173593044281
72,0.361372496932745,-0.20249490439891815,-0.034584999084472656,-0.2656489163637161,-0.1750144064426422,-0.1613994836807251,-0.07282280921936035,-0.1534426584839821,-0.014548778533935547,-0.21905823796987534,0.03340937942266464,0.006818294525146484,0.03226582705974579,0.02555707097053528,0.13486848771572113,-0.0791172906756401,0.23798265308141708,0.09556994587182999,0.017635777592658997,0.2578791491687298,0.11105253547430038,0.04563844949007034,0.02895117551088333
73,-0.7575474698096514,-0.7171827480196953,-0.7603339049965143,-0.82611726783216,-0.6936606131494045,-0.8171504950150847,-0.6913528759032488,-0.7257600631564856,-0.8085628412663937,-0.7016737777739763,-0.7574787400662899,-0.7867518654093146,-0.7457445990294218,-0.7646390404552221,-0.7970184311270714,-0.7332199178636074,-0.6286428198218346,-0.8031533788889647,-0.8097832091152668,-0.7312424667179585,-0.7239610273391008,-0.6850802917033434,-0.7040979247540236
74,-0.17672346159815788,-0.3105245567858219,-0.2563175242394209,-0.4248548736795783,-0.30008910968899727,-0.3865587692707777,-0.24225545302033424,-0.2685287967324257,-0.3022976778447628,-0.3018179088830948,-0.2566172629594803,-0.2793408688157797,-0.2403584886342287,-0.2616424448788166,-0.2414478398859501,-0.266878055408597,-0.1357588954269886,-0.2688602190464735,-0.3569890409708023,-0.1431328896433115,-0.24510779418051243,-0.18653996288776398,-0.20403781346976757
75,-0.6763992868363857,-0.6703647971153259,-0.6582858096808195,-0.7957278331741691,-0.6394694112241268,-0.7794960774481297,-0.6880960632115602,-0.6571233347058296,-0.7307384386658669,-0.6366187632083893,-0.6227354779839516,-0.6954672895371914,-0.6457776688039303,-0.6582043766975403,-0.6413798741996288,-0.6606631074100733,-0.43820085749030113,-0.6972540207207203,-0.714288990944624,-0.4814152903854847,-0.6285699084401131,-0.5995160080492496,-0.5835896953940392
76,-0.3464993014931679,-0.4006566647440195,-0.3651465065777302,-0.5782006215304136,-0.3600467685610056,-0.5598630886524916,-0.42281300015747547,-0.3888306450098753,-0.47624707221984863,-0.4411616362631321,-0.37267029099166393,-0.43568132258951664,-0.4118401072919369,-0.3960718959569931,-0.40172931738197803,-0.45026143081486225,-0.35225987061858177,-0.45802345126867294,-0.5678550377488136,-0.31250958517193794,-0.43692017532885075,-0.27112607285380363,-0.3722968213260174
77,-0.38073575496673584,-0.4627498649060726,-0.43821959383785725,-0.6119913551956415,-0.45339188538491726,-0.5868662260472775,-0.4350206293165684,-0.4485792238265276,-0.5272516645491123,-0.47367314621806145,-0.431654816493392,-0.4727306440472603,-0.4433737937361002,-0.4814429935067892,-0.4522916004061699,-0.47180428355932236,-0.3359498381614685,-0.5101123955100775,-0.5404509902000427,-0.34675658121705055,-0.49867286905646324,-0.37970067374408245,-0.3776061628013849
78,-0.5591817796230316,-0.6484027467668056,-0.6036463715136051,-0.738172828219831,-0.5987637434154749,-0.7141001168638468,-0.5752271022647619,-0.635165580548346,-0.6699354201555252,-0.6138908406719565,-0.5827883929014206,-0.6411954201757908,-0.5880600325763226,-0.6036828923970461,-0.6032108683139086,-0.6017152415588498,-0.45709364861249924,-0.6647071186453104,-0.661382925696671,-0.47160313837230206,-0.595784654840827,-0.544315692037344,-0.5536198616027832
79,-0.24374914914369583,-0.37711424194276333,-0.3028089143335819,-0.4990540174767375,-0.33034735545516014,-0.4699603449553251,-0.27494774386286736,-0.34710863791406155,-0.38376916386187077,-0.3338398803025484,-0.2808427084237337,-0.3438337631523609,-0.28549207001924515,-0.3029631730169058,-0.29237852059304714,-0.33893947023898363,-0.16183605790138245,-0.34467022493481636,-0.4228895427659154,-0.1674638483673334,-0.2942995522171259,-0.22462618350982666,-0.23402076587080956
80,-0.45306464843451977,-0.5070750210434198,-0.47715684212744236,-0.6427123052999377,-0.39994275383651257,-0.6271864911541343,-0.429190706461668,-0.4707982558757067,-0.5132603086531162,-0.43143915943801403,-0.4771618116647005,-0.4963793717324734,-0.4579968322068453,-0.4638903811573982,-0.45192900486290455,-0.47657980024814606,-0.29019129276275635,-0.47145603969693184,-0.5052838549017906,-0.3359454870223999,-0.4300829600542784,-0.3751023970544338,-0.3809886798262596
81,-0.4414077587425709,-0.4831396471709013,-0.44150598905980587,-0.6018357425928116,-0.41378788463771343,-0.5728025622665882,-0.45179489627480507,-0.45923965983092785,-0.5373941194266081,-0.4662398509681225,-0.4145436603575945,-0.4796862229704857,-0.44360156916081905,-0.4611924458295107,-0.477372445166111,-0.47958226688206196,-0.3980291672050953,-0.5292555801570415,-0.581715289503336,-0.42427540570497513,-0.47141761146485806,-0.36281535774469376,-0.41796211153268814
82,-0.49835872277617455,-0.4765178970992565,-0.5083123408257961,-0.6733003035187721,-0.4947585165500641,-0.6637956481426954,-0.45562269911170006,-0.49840598925948143,-0.5655609369277954,-0.5101298317313194,-0.5208476223051548,-0.5318516027182341,-0.490731094032526,-0.5076574757695198,-0.5332566313445568,-0.4935981519520283,-0.379427682608366,-0.5421926267445087,-0.5892482008785009,-0.47696589305996895,-0.4696829207241535,-0.4693952351808548,-0.4500166215002537
83,-0.6713212355971336,-0.6710328832268715,-0.6797619834542274,-0.774987774901092,-0.6272856891155243,-0.772409001365304,-0.6586385276168585,-0.6274861637502909,-0.7126788850873709,-0.613942252472043,-0.6288420259952545,-0.6652311235666275,-0.5968447625637054,-0.6435654181987047,-0.6431593503803015,-0.6361068654805422,-0.5391303077340126,-0.6989990957081318,-0.6922015808522701,-0.5503046922385693,-0.647770244628191,-0.5693611558526754,-0.6679645664989948
84,-0.0043540820479393005,-0.21195058524608612,-0.13741634041070938,-0.26844775304198265,-0.1657911352813244,-0.21867035329341888,-0.1283201314508915,-0.23073767498135567,-0.16552387923002243,-0.20078016817569733,-0.10358676314353943,-0.09853075072169304,-0.09234632924199104,-0.08093636482954025,-0.06537806242704391,-0.15487829968333244,0.003208473324775696,-0.12800562009215355,-0.1357763148844242,-0.000953376293182373,-0.11906684190034866,-0.054045625030994415,-0.1483692042529583
85,-0.2869611941277981,-0.36083243787288666,-0.35321033000946045,-0.512189595028758,-0.3632215615361929,-0.4870803114026785,-0.33228980004787445,-0.3592183329164982,-0.43102110736072063,-0.3884253241121769,-0.35309003852307796,-0.3791985809803009,-0.33920061588287354,-0.36568364687263966,-0.3605869375169277,-0.3694632947444916,-0.2382122240960598,-0.39711433462798595,-0.45900627598166466,-0.2574661858379841,-0.3904051184654236,-0.28912562131881714,-0.29135243967175484
86,-0.6111687570810318,-0.6697628349065781,-0.6833106353878975,-0.7714383453130722,-0.6749691218137741,-0.7493005283176899,-0.7184904683381319,-0.6683778502047062,-0.7285617906600237,-0.6820312160998583,-0.6093029864132404,-0.6806378327310085,-0.6630128249526024,-0.6319688856601715,-0.5849720612168312,-0.6973352618515491,-0.41313178837299347,-0.7023641262203455,-0.6118178814649582,-0.4446847289800644,-0.654642928391695,-0.6370693799108267,-0.5933602936565876
87,-0.34682222083210945,-0.3835722431540489,-0.39236360043287277,-0.5091864950954914,-0.3438909910619259,-0.4937085621058941,-0.33969905972480774,-0.34418419376015663,-0.4158466309309006,-0.3554830774664879,-0.3374621346592903,-0.3816101010888815,-0.3046194575726986,-0.35071952268481255,-0.3521387279033661,-0.3217611461877823,-0.22445408254861832,-0.37224094569683075,-0.4013298861682415,-0.288645938038826,-0.3521752879023552,-0.22375183552503586,-0.304359570145607
88,0.48823488131165504,-0.03066059947013855,0.12228470295667648,-0.1697693169116974,-0.0715729147195816,-0.06558350473642349,0.05352315306663513,-0.05597186088562012,0.1595221608877182,-0.10706225782632828,0.15942510962486267,0.09965523332357407,0.1279696300625801,0.14926085621118546,0.2513844966888428,0.012219198048114777,0.3119054585695267,0.20012493431568146,0.14788047969341278,0.38697509840130806,0.2565128281712532,0.12199946120381355,0.10984831303358078
89,-0.3077828511595726,-0.47161367163062096,-0.42748691514134407,-0.5493858996778727,-0.43526520766317844,-0.5283424220979214,-0.374105017632246,-0.37713124975562096,-0.4040134586393833,-0.43195251375436783,-0.3746514692902565,-0.4388079456984997,-0.3798953406512737,-0.4158461429178715,-0.32938386499881744,-0.38372526317834854,-0.1709778606891632,-0.406668484210968,-0.3184822201728821,-0.16604749858379364,-0.3835722655057907,-0.34211815893650055,-0.26875823736190796
90,-0.6593305394053459,-0.6554632037878036,-0.6400839127600193,-0.773520689457655,-0.6340342685580254,-0.7561204619705677,-0.6300443895161152,-0.595571368932724,-0.685814268887043,-0.5870771370828152,-0.606316402554512,-0.6403587777167559,-0.5880182199180126,-0.5988901536911726,-0.6174496784806252,-0.6423090174794197,-0.4876972548663616,-0.6801156792789698,-0.668772978708148,-0.49080298840999603,-0.6353547535836697,-0.5579821113497019,-0.5813069008290768
91,-0.5246351417154074,-0.5881196465343237,-0.5776619240641594,-0.6891512293368578,-0.5586223611608148,-0.678575161844492,-0.5235170722007751,-0.5872443914413452,-0.6276667676866055,-0.5651686396449804,-0.5766932917758822,-0.6070544393733144,-0.565497251227498,-0.5731361666694283,-0.5727887954562902,-0.569300714880228,-0.44607593677937984,-0.631911532022059,-0.6385064022615552,-0.49636599235236645,-0.5507347676903009,-0.49460942298173904,-0.5228288527578115
92,-0.3540584035217762,-0.4422362148761749,-0.3888148069381714,-0.5015344023704529,-0.3593983482569456,-0.49026015400886536,-0.3741350993514061,-0.343891229480505,-0.4460191074758768,-0.36600319668650627,-0.3120633326470852,-0.3665815703570843,-0.3316587433218956,-0.3587714359164238,-0.32787997648119926,-0.3674175851047039,-0.27099326252937317,-0.3786015547811985,-0.40355684608221054,-0.2765544019639492,-0.377082996070385,-0.269167959690094,-0.2958088219165802
93,-0.7900031395256519,-0.8260432071983814,-0.7891064779832959,-0.8658157926984131,-0.7609886173158884,-0.8622366120107472,-0.7661546319723129,-0.7831410886719823,-0.807918343693018,-0.7648472813889384,-0.7776724686846137,-0.8168399278074503,-0.7871722504496574,-0.7975822882726789,-0.8101050797849894,-0.7835771357640624,-0.711732660420239,-0.8382935109548271,-0.8226514272391796,-0.7201478648930788,-0.7880904218181968,-0.731812097132206,-0.7497478118166327
94,-0.6024027913808823,-0.622751671820879,-0.5502188503742218,-0.6558207552880049,-0.508130569010973,-0.6486174743622541,-0.5082681588828564,-0.4696541987359524,-0.5805104151368141,-0.47120676189661026,-0.44357939064502716,-0.5124831236898899,-0.4369587413966656,-0.46646253392100334,-0.4593522325158119,-0.4867132492363453,-0.37144164741039276,-0.5444925017654896,-0.5457152798771858,-0.3992782160639763,-0.46274492144584656,-0.38921745866537094,-0.4641648903489113
95,-0.6479626912623644,-0.6701220981776714,-0.6368956752121449,-0.7783377859741449,-0.5984512269496918,-0.7661383021622896,-0.6217516660690308,-0.6124442145228386,-0.6791946943849325,-0.6092406623065472,-0.6032724827528,-0.6515080947428942,-0.6063786279410124,-0.6218507215380669,-0.6239964924752712,-0.6447210628539324,-0.5200467258691788,-0.6730374246835709,-0.6903364602476358,-0.5224464945495129,-0.6179898958653212,-0.5321846790611744,-0.602438572794199
96,0.05702431499958038,-0.11886730790138245,-0.09196323156356812,-0.2843779996037483,-0.1489027552306652,-0.23867951706051826,-0.14246875047683716,-0.2651180662214756,-0.21633663773536682,-0.20813390240073204,-0.17009885609149933,-0.17698484659194946,-0.1639402210712433,-0.1547010987997055,-0.18649719655513763,-0.26968918181955814,-0.11303680762648582,-0.22195683419704437,-0.2764285057783127,-0.07912445813417435,-0.19249685481190681,-0.11883754283189774,-0.2150009721517563
97,-0.7075189538300037,-0.7640149937942624,-0.7107170792296529,-0.8167194118723273,-0.7035567192360759,-0.8094848738983274,-0.6949216909706593,-0.7196777109056711,-0.7741052964702249,-0.7037137430161238,-0.7071342142298818,-0.759961910545826,-0.7252813009545207,-0.7417338294908404,-0.7311182804405689,-0.7226342065259814,-0.6045964602380991,-0.7803945504128933,-0.7815756890922785,-0.6173078548163176,-0.6988410465419292,-0.6496626241132617,-0.6584879672154784
98,-0.4356098920106888,-0.48175908997654915,-0.46262400783598423,-0.6341469716280699,-0.4329329803586006,-0.6093953233212233,-0.4767114035785198,-0.4810084793716669,-0.5376885253936052,-0.4699104614555836,-0.46867435052990913,-0.5103896223008633,-0.48534991778433323,-0.49223776161670685,-0.5055802948772907,-0.5297691207379103,-0.3881670869886875,-0.5105740036815405,-0.5863877721130848,-0.3994939476251602,-0.5312754847109318,-0.37931324914097786,-0.44111084938049316
99,0.18499315530061722,0.003904566168785095,0.0022521987557411194,-0.29724137112498283,-0.11805443465709686,-0.24839945137500763,-0.08579187095165253,-0.23858365043997765,-0.1327843926846981,-0.19281626492738724,-0.12415236234664917,-0.11085397750139236,-0.1254536397755146,-0.08890022337436676,-0.12676381319761276,-0.20135804638266563,-0.014553412795066833,-0.17107361555099487,-0.1711120270192623,-0.05458402633666992,-0.10705196857452393,-0.06899788230657578,-0.16369888931512833
100,-0.9170204065740108,-0.9056090898811817,-0.9054960394278169,-0.924257458653301,-0.8926393324509263,-0.9182716952636838,-0.8961987979710102,-0.8826281055808067,-0.9074436705559492,-0.8787525957450271,-0.8943532560952008,-0.8977183857932687,-0.8975576367229223,-0.8987150606699288,-0.9065383765846491,-0.8926721424795687,-0.8514890931546688,-0.90290751401335,-0.8957404182292521,-0.8388584544882178,-0.8933595037087798,-0.860602437518537,-0.8755542896687984
101,-0.9091250491328537,-0.9005334163084626,-0.8921095835976303,-0.9102115761488676,-0.8930696430616081,-0.9049449604935944,-0.8750558039173484,-0.8706307169049978,-0.8996071647852659,-0.8743794490583241,-0.887758819386363,-0.8847414627671242,-0.8648748686537147,-0.8878770391456783,-0.8681086096912622,-0.8678011023439467,-0.8810472185723484,-0.8926369398832321,-0.9029619293287396,-0.8934541228227317,-0.8809509249404073,-0.8707119426690042,-0.8647997211664915
102,-0.48649912327528,-0.5116894133388996,-0.48476361855864525,-0.602310910820961,-0.4486635588109493,-0.6026456728577614,-0.4368894509971142,-0.3957076147198677,-0.54614682123065,-0.46745699271559715,-0.44069729372859,-0.47150631062686443,-0.4709326736629009,-0.4351769872009754,-0.47958314418792725,-0.4521857835352421,-0.2858731672167778,-0.47347090765833855,-0.4492497257888317,-0.3420833759009838,-0.486168809235096,-0.3642679862678051,-0.3397836647927761
103,-0.9304002774879336,-0.9230956584215164,-0.924115295521915,-0.9335480718873441,-0.9246193449944258,-0.9280163343064487,-0.9205995108932257,-0.9339173375628889,-0.930749302264303,-0.9150241687893867,-0.9219523966312408,-0.9257837268523872,-0.9162282617762685,-0.9251224864274263,-0.9244732330553234,-0.9284812984988093,-0.9210043055936694,-0.9318174375221133,-0.928849246352911,-0.9033688707277179,-0.9231813568621874,-0.9193291431292892,-0.9241649489849806
104,-0.9208831922151148,-0.9044835101813078,-0.9077303186058998,-0.9241786003112793,-0.9073567800223827,-0.9206729959696531,-0.9002860551699996,-0.8998917965218425,-0.9136287835426629,-0.8713816227391362,-0.8969346256926656,-0.9005077532492578,-0.88600321020931,-0.9001663308590651,-0.9032843988388777,-0.8866058345884085,-0.85142882168293,-0.9048538417555392,-0.9020860972814262,-0.8809255361557007,-0.8844497371464968,-0.8740342995151877,-0.8747897483408451
105,-0.7184942048043013,-0.7628630958497524,-0.6793268099427223,-0.7018137648701668,-0.6645541973412037,-0.6246836371719837,-0.6884078066796064,-0.6297358684241772,-0.7816421007737517,-0.6209981814026833,-0.5445344764739275,-0.6040624808520079,-0.550134465098381,-0.6117206290364265,-0.4304533377289772,-0.5959409791976213,-0.446551650762558,-0.5785276349633932,-0.637280784547329,-0.4322819821536541,-0.45087000727653503,-0.5581796206533909,-0.6881635338068008
106,-0.8621180644258857,-0.873768700286746,-0.8364218641072512,-0.8608515430241823,-0.8590061077848077,-0.8410568311810493,-0.8158658016473055,-0.7526358924806118,-0.8140302477404475,-0.8055584337562323,-0.7313735950738192,-0.7678209077566862,-0.7631314229220152,-0.7583763469010592,-0.7331633567810059,-0.8049356499686837,-0.5901673659682274,-0.8045938964933157,-0.7645441442728043,-0.6275440827012062,-0.7573528327047825,-0.7588555160909891,-0.7689381577074528
107,-0.7145090606063604,-0.7372295297682285,-0.6962651200592518,-0.7881981506943703,-0.667519761249423,-0.7456044824793935,-0.6616675108671188,-0.5622519180178642,-0.7386272056028247,-0.6311551369726658,-0.6239514704793692,-0.5750587750226259,-0.6250103637576103,-0.6451282240450382,-0.6008309684693813,-0.5835502874106169,-0.3806167244911194,-0.634910348802805,-0.5883702728897333,-0.38142961263656616,-0.5168721713125706,-0.5001457445323467,-0.5629959460347891
108,-0.9180024573579431,-0.9020961811766028,-0.9088908154517412,-0.9234287231229246,-0.9115052679553628,-0.9160916483961046,-0.8963752668350935,-0.8867544643580914,-0.9035733481869102,-0.8809061087667942,-0.9033984560519457,-0.8983031986281276,-0.8808943377807736,-0.9001556886360049,-0.8971249349415302,-0.8887473000213504,-0.8567461622878909,-0.8988784067332745,-0.9061812106519938,-0.8691628705710173,-0.8911309586837888,-0.8704468542709947,-0.8792304387316108
109,-0.8521289806813002,-0.8308703666552901,-0.8213141709566116,-0.87140839593485,-0.8114049797877669,-0.8658786830492318,-0.8280135374516249,-0.8296462642028928,-0.8559406683780253,-0.810088855214417,-0.8428036011755466,-0.8508265735581517,-0.8497263062745333,-0.8641844019293785,-0.8748565958812833,-0.8441562671214342,-0.7987430291250348,-0.8632414862513542,-0.883025212213397,-0.8291358025744557,-0.85008854418993,-0.810675859451294,-0.8176519442349672
110,-0.8040216080844402,-0.7839382458478212,-0.7282753251492977,-0.7588047590106726,-0.6699112728238106,-0.726748751476407,-0.7189617026597261,-0.7004897091537714,-0.7757464926689863,-0.6288488376885653,-0.7108707688748837,-0.6761958822607994,-0.6477866917848587,-0.7038126084953547,-0.7104839980602264,-0.6982180457562208,-0.6544722001999617,-0.7374060563743114,-0.7736903000622988,-0.7209312934428453,-0.6700669582933187,-0.599192637950182,-0.6918788440525532
111,-0.38975444436073303,-0.69936403632164,0.12493258714675903,-0.4145059138536453,-0.34224696457386017,-0.39496350288391113,-0.04633820056915283,-0.22886112332344055,-0.23971882462501526,-0.4073093459010124,0.2612605392932892,-0.24448561668395996,-0.15813212096691132,-0.10438293218612671,-0.13080047070980072,-0.33213233202695847,0.38711274415254593,-0.33473237603902817,0.313732773065567,0.4175913631916046,0.22178217768669128,-0.040616631507873535,-0.38279788941144943
112,-0.8181533608585596,-0.8307651812210679,-0.8057061843574047,-0.8670975230634212,-0.7998775728046894,-0.8468987103551626,-0.7885601539164782,-0.7548667164519429,-0.8144988510757685,-0.7764348080381751,-0.7767012855038047,-0.7723365388810635,-0.7618509959429502,-0.7623385060578585,-0.7462872974574566,-0.7795483805239201,-0.6582539454102516,-0.7771850964054465,-0.7845842447131872,-0.6517473217099905,-0.7347223497927189,-0.6986205130815506,-0.7167550791054964
113,-0.9305792008526623,-0.9261868796311319,-0.9230949664488435,-0.9250803887844086,-0.9202771661803126,-0.923834334127605,-0.9181922040879726,-0.9137932979501784,-0.9179578311741352,-0.9036270272918046,-0.9214306534267962,-0.909181079827249,-0.9047750346362591,-0.9121630294248462,-0.917680764105171,-0.9089138233102858,-0.8974429620429873,-0.9161578491330147,-0.9118660092353821,-0.8970176568254828,-0.9086070046760142,-0.8884012107737362,-0.9079529913142323
114,-0.8431515386328101,-0.8437319109216332,-0.848382861353457,-0.884949492290616,-0.814214606769383,-0.8737921183928847,-0.8197561167180538,-0.8057112265378237,-0.8362742708995938,-0.7782778535038233,-0.8190876878798008,-0.7890773825347424,-0.8299684869125485,-0.8393346341326833,-0.815912889316678,-0.79535589274019,-0.7013546992093325,-0.8275315035134554,-0.8486377615481615,-0.735147712752223,-0.8011546973139048,-0.7255382733419538,-0.7806284157559276
115,-0.9371725143864751,-0.9249484874308109,-0.9244523495435715,-0.9397444701753557,-0.9279999947175384,-0.9387843189761043,-0.9186647674068809,-0.9250457864254713,-0.9327315362170339,-0.9121918203309178,-0.9232086762785912,-0.92429637350142,-0.9118173746392131,-0.9224044214934111,-0.9163881782442331,-0.9146166006103158,-0.9214880969375372,-0.9248062707483768,-0.9329523020423949,-0.9259927710518241,-0.9120765710249543,-0.9147477662190795,-0.9146687211468816
116,-0.7635727412998676,-0.8037206158041954,-0.7813669070601463,-0.8458410017192364,-0.8288919907063246,-0.8332844134420156,-0.7825657017529011,-0.6687088832259178,-0.8574776519089937,-0.8168503250926733,-0.7737425900995731,-0.8101857285946608,-0.7635838650166988,-0.7422740496695042,-0.7228364273905754,-0.8420734275132418,-0.6124848574399948,-0.8449830878525972,-0.7563424371182919,-0.6267551928758621,-0.8096724785864353,-0.742996372282505,-0.7594544515013695
117,-0.9325260976329446,-0.9205801859498024,-0.9296231651678681,-0.9383594035170972,-0.9273629239760339,-0.9372549229301512,-0.9202952021732926,-0.9179757600650191,-0.9222516696900129,-0.9083859911188483,-0.9252087320201099,-0.9216228225268424,-0.9165077018551528,-0.9248079685494304,-0.9268397958949208,-0.9197951899841428,-0.9036424122750759,-0.9267023131251335,-0.9221860659308732,-0.9212012281641364,-0.914375239983201,-0.9068064354360104,-0.906824856530875
118,-0.30608556792140007,-0.5453971549868584,-0.3107837401330471,-0.48136894032359123,-0.29862601310014725,-0.44555856101214886,-0.3153965696692467,-0.20332328602671623,-0.48260927200317383,-0.31418062932789326,-0.15270840749144554,-0.2639496959745884,-0.20067841559648514,-0.27957504615187645,-0.16830167546868324,-0.21578402817249298,-0.012909315526485443,-0.1345537267625332,-0.12806327641010284,-0.052390918135643005,-0.16153453290462494,-0.16467564553022385,-0.18336331844329834
119,-0.7346042785793543,-0.7793331108987331,-0.7596424613147974,-0.8151836898177862,-0.7901561371982098,-0.8058911086991429,-0.7488623922690749,-0.7410776438191533,-0.7924253093078732,-0.7516315458342433,-0.678321560844779,-0.7178019760176539,-0.6961118262261152,-0.7157866908237338,-0.6820324752479792,-0.7395943999290466,-0.5584875009953976,-0.7355118189007044,-0.7515134140849113,-0.554168701171875,-0.7006001621484756,-0.6542162355035543,-0.6164718493819237
120,-0.7338859932497144,-0.7573399171233177,-0.7289541764184833,-0.7711058813147247,-0.6921354243531823,-0.7776193940080702,-0.7416495317593217,-0.6853292724117637,-0.7577200494706631,-0.688736105337739,-0.6726908460259438,-0.6865088976919651,-0.7084766561165452,-0.7321817316114902,-0.7291764123365283,-0.7182373320683837,-0.6338685033842921,-0.7381987581029534,-0.76255122711882,-0.634424714371562,-0.728307668119669,-0.6176798399537802,-0.621546097099781
121,-0.9086602348834276,-0.8974563283845782,-0.8911489946767688,-0.9034478720277548,-0.8769596498459578,-0.9012547172605991,-0.879105843603611,-0.8731047390028834,-0.905089189298451,-0.8595684813335538,-0.8605674281716347,-0.8803691994398832,-0.8432243261486292,-0.8701098989695311,-0.8387521896511316,-0.8674194971099496,-0.7191395349800587,-0.8808018183335662,-0.871738594956696,-0.7953680083155632,-0.830343097448349,-0.8419909905642271,-0.8616784298792481
122,-0.865510880947113,-0.8397121783345938,-0.8675987673923373,-0.8892751103267074,-0.8525520069524646,-0.8775984244421124,-0.8506530746817589,-0.8037371141836047,-0.8482089610770345,-0.8380356496199965,-0.8506785780191422,-0.8586764438077807,-0.8345387941226363,-0.8706629667431116,-0.8480080598965287,-0.814052602276206,-0.8428892949596047,-0.8618574850261211,-0.8760258415713906,-0.8681468144059181,-0.8481727791950107,-0.8261599885299802,-0.8290549777448177
123,-0.7268075523898005,-0.7176019223406911,-0.6933333426713943,-0.7294724779203534,-0.5899801282212138,-0.7250516964122653,-0.6659692414104939,-0.6461193989962339,-0.7202230095863342,-0.5853360658511519,-0.6381606515496969,-0.6456716572865844,-0.6679773265495896,-0.6982325557619333,-0.701868842355907,-0.5817482611164451,-0.5415737442672253,-0.6859024614095688,-0.7357898401096463,-0.5913534127175808,-0.635557577945292,-0.49808721244335175,-0.5714270770549774
124,-0.9338100519962609,-0.9311217428185046,-0.932603579480201,-0.9405190893448889,-0.9301211144775152,-0.9380866559222341,-0.9291716138832271,-0.9273670818656683,-0.9250539438799024,-0.9154328913427889,-0.9323562746867537,-0.925706866197288,-0.9244225146248937,-0.9335647984407842,-0.9375888728536665,-0.9283858151175082,-0.9245964018628001,-0.9288563109003007,-0.9276249492540956,-0.9325595214031637,-0.9286232101731002,-0.9189118007197976,-0.9172484376467764
125,-0.8992534419521689,-0.870907892473042,-0.8832817198708653,-0.9143897756002843,-0.8798087779432535,-0.9164721006527543,-0.8773555783554912,-0.8894591722637415,-0.9013221473433077,-0.8632815312594175,-0.9045163127593696,-0.8990722559392452,-0.8997167116031051,-0.9030148154124618,-0.9162949165329337,-0.8973741722293198,-0.8753731586039066,-0.9081411273218691,-0.9110154444351792,-0.8993163350969553,-0.8915253737941384,-0.876736493781209,-0.8749140771105886
126,-0.8838055040687323,-0.8751167897135019,-0.8557801553979516,-0.8737857239320874,-0.8577470788732171,-0.861645775847137,-0.8470850996673107,-0.8602069988846779,-0.8692566659301519,-0.8291513621807098,-0.7986002285033464,-0.8489398909732699,-0.8143525402992964,-0.8203426143154502,-0.8240890791639686,-0.8207000251859426,-0.8397454880177975,-0.857888313010335,-0.8670939318835735,-0.8117689611390233,-0.8323414381593466,-0.7532516941428185,-0.8313571745529771
127,0.34207695722579956,-0.0038147568702697754,0.18038129806518555,-0.3834131211042404,-0.07037374377250671,-0.3090285360813141,-0.03823105990886688,-0.06881588697433472,-0.10099922120571136,-0.23070614784955978,0.14444231986999512,-0.03402876853942871,-0.02254202961921692,0.01925845444202423,0.30118487030267715,-0.1840294748544693,0.377274751663208,0.07984767854213715,0.021193936467170715,0.41798262298107147,0.12653355300426483,0.03197018802165985,0.13036783039569855
128,-0.8916088044643402,-0.8795736338943243,-0.8749860627576709,-0.891596139408648,-0.8505088882520795,-0.8887161742895842,-0.8617403656244278,-0.8200933476909995,-0.8827403546310961,-0.831107459962368,-0.8445543348789215,-0.8300110250711441,-0.8429380739107728,-0.8610266549512744,-0.8187376270070672,-0.843889151699841,-0.8062130138278008,-0.8620956502854824,-0.8162893755361438,-0.7621053280308843,-0.8210860332474113,-0.7809915915131569,-0.8556314492598176
129,-0.857797134667635,-0.8409941112622619,-0.8395479014143348,-0.8522053230553865,-0.8287549410015345,-0.8357661524787545,-0.8112236158922315,-0.8442114889621735,-0.8431071601808071,-0.7976789670065045,-0.818203616887331,-0.8213617643341422,-0.8000871874392033,-0.8327517490833998,-0.8128562429919839,-0.7880484899505973,-0.8187828762456775,-0.8321984326466918,-0.8667485225014389,-0.831400765106082,-0.8186043938621879,-0.7630859911441803,-0.8248092951253057
130,-0.9355927454307675,-0.925870574079454,-0.9286657725460827,-0.9389042933471501,-0.9265259499661624,-0.9374713152647018,-0.9249403770081699,-0.9192582163959742,-0.9256557687185705,-0.914452375844121,-0.9277620315551758,-0.9243592834100127,-0.917710832785815,-0.9244900564663112,-0.931814406067133,-0.920615192502737,-0.9052959349937737,-0.925419102422893,-0.9240370318293571,-0.920555611141026,-0.9193625100888312,-0.9072645581327379,-0.9018505048006773
131,-0.5919443964958191,-0.5305709633976221,-0.5605775713920593,-0.6998185617849231,-0.5997826084494591,-0.6982952114194632,-0.5823031608015299,-0.6065584905445576,-0.658894850872457,-0.6053588669747114,-0.6261941138654947,-0.6486368523910642,-0.6479190392419696,-0.6888395445421338,-0.6918298313394189,-0.6755132144317031,-0.5740245915949345,-0.6866809548810124,-0.7418203996494412,-0.6007348950952291,-0.6798214372247458,-0.5907561192288995,-0.5068259816616774
132,-0.7067751884460449,-0.6918731071054935,-0.6810218039900064,-0.7845531720668077,-0.6117641478776932,-0.7715294100344181,-0.6773254033178091,-0.6544889938086271,-0.7312986254692078,-0.6139940619468689,-0.6729429308325052,-0.6641166284680367,-0.6816544383764267,-0.6884704791009426,-0.6489529646933079,-0.6601947452872992,-0.5584386400878429,-0.7126768678426743,-0.759091068059206,-0.5983639098703861,-0.605008851736784,-0.54834970459342,-0.6118956096470356
133,-0.8679440068081021,-0.8681113673374057,-0.8582140393555164,-0.8773772693239152,-0.8349417485296726,-0.8734834725037217,-0.822606885805726,-0.8089648419991136,-0.8383277682587504,-0.8095664652064443,-0.7870144816115499,-0.8087691022083163,-0.7725378684699535,-0.7999762939289212,-0.7691942993551493,-0.813588373363018,-0.6942116152495146,-0.8234163410961628,-0.8177226958796382,-0.7185294181108475,-0.7671797536313534,-0.745753413066268,-0.7895714649930596
134,-0.10801674425601959,-0.38906199112534523,-0.16172835603356361,-0.37937398441135883,-0.22376789152622223,-0.29831793904304504,-0.2318443488329649,-0.16692133247852325,-0.3396063596010208,-0.22776187770068645,-0.07390596345067024,-0.15951632894575596,-0.14181602746248245,-0.17083537206053734,-0.11540631204843521,-0.2449976485222578,-0.015563562512397766,-0.054490827023983,-0.13132742792367935,-0.023489326238632202,-0.09559813514351845,-0.11764918081462383,-0.17802758142352104
135,-0.9174726000055671,-0.9176239194348454,-0.9088323432952166,-0.9240999664179981,-0.9010130725800991,-0.9224379980005324,-0.9044645288959146,-0.9017441459000111,-0.9131040475331247,-0.8867500675842166,-0.9030686253681779,-0.905553090851754,-0.8974702768027782,-0.9027367113158107,-0.9078881368041039,-0.9063715357333422,-0.8723902460187674,-0.9094523498788476,-0.9140801560133696,-0.8906284524127841,-0.8972988612949848,-0.8885112879797816,-0.8810909371823072
136,0.6427294611930847,0.5248226672410965,0.754947803914547,0.7375214882194996,0.7011235654354095,0.8293577879667282,0.6695981174707413,0.6419665440917015,0.7150368131697178,0.5742816105484962,0.8214266821742058,0.7641162239015102,0.8400842901319265,0.8567803502082825,0.8836714401841164,0.7975055761635303,0.8682652916759253,0.8666702564805746,0.8027527071535587,0.8738449811935425,0.8442153427749872,0.8333463463932276,0.8094618283212185
137,-0.821968394331634,-0.7913010865449905,-0.7887276541441679,-0.8449547104537487,-0.7900667497888207,-0.8367775492370129,-0.7822906076908112,-0.7702922439202666,-0.7992125237360597,-0.7714862870052457,-0.751664636656642,-0.7838155413046479,-0.7380052227526903,-0.7717136908322573,-0.7620359975844622,-0.7448686081916094,-0.7158149555325508,-0.7869226401671767,-0.8331734538078308,-0.6842851266264915,-0.746188236400485,-0.6751135718077421,-0.7084975764155388
138,-0.7916991440579295,-0.8292658720165491,-0.791606867685914,-0.848401015624404,-0.7756507927551866,-0.8380484497174621,-0.7889084341004491,-0.7764686206355691,-0.8049934711307287,-0.7815808663144708,-0.7593743829056621,-0.7641709735617042,-0.772868842817843,-0.7869133166968822,-0.7879359032958746,-0.7652049167081714,-0.6783026996999979,-0.7875405559316278,-0.8258798411116004,-0.7196799349039793,-0.7693234942853451,-0.6951133999973536,-0.7398013910278678
139,-0.9112404957413673,-0.8987721633166075,-0.9033627295866609,-0.9161564041860402,-0.8948165765032172,-0.914078947622329,-0.8948909258469939,-0.8939346261322498,-0.9073161552660167,-0.8777865702286363,-0.893056926317513,-0.897707236930728,-0.8854883164167404,-0.9016432319767773,-0.8973207045346498,-0.8960613952949643,-0.8683461751788855,-0.9033342497423291,-0.9113586856983602,-0.8863274026662111,-0.883497254922986,-0.8726227330043912,-0.8643120331689715
140,-0.6718519600108266,-0.6687081214040518,-0.6369982566684484,-0.693517392501235,-0.6260202815756202,-0.6950649442151189,-0.6406760513782501,-0.671460809186101,-0.760138364508748,-0.6078617833554745,-0.6493980884552002,-0.6177100026980042,-0.5975530426949263,-0.6678847754374146,-0.6637401264160872,-0.6832011584192514,-0.5990667138248682,-0.6867045499384403,-0.7594829630106688,-0.565846873447299,-0.6648337747901678,-0.5545197241008282,-0.6548551097512245
141,-0.9239154038950801,-0.9180383449420333,-0.9147186735644937,-0.9251736789010465,-0.9066694863140583,-0.9213848584331572,-0.9067379701882601,-0.8970535835251212,-0.9175396929495037,-0.8815996563062072,-0.894464566372335,-0.9074560650624335,-0.8788458099588752,-0.8960223020985723,-0.900205803103745,-0.8965504784137011,-0.8224652092903852,-0.912487868219614,-0.9060696484521031,-0.8677349500358105,-0.888098874129355,-0.8865147149190307,-0.8928919341415167
142,-0.8245842205360532,-0.8284323755651712,-0.7950776116922498,-0.8556656632572412,-0.7377920523285866,-0.8479081094264984,-0.7677880842238665,-0.7472794950008392,-0.8167799971997738,-0.72512236982584,-0.748361456207931,-0.7755945548415184,-0.7671084525063634,-0.7630639979615808,-0.759675937704742,-0.7696625459939241,-0.6857980992645025,-0.798187667503953,-0.79589859303087,-0.668854333460331,-0.755900370888412,-0.6941577605903149,-0.7312895189970732
143,-0.33806801587343216,-0.533241618424654,-0.49246983602643013,-0.6162338480353355,-0.4825161471962929,-0.5654273889958858,-0.48042409867048264,-0.47788142785429955,-0.5826856140047312,-0.46005942672491074,-0.3309384435415268,-0.39634599909186363,-0.42275725305080414,-0.4282592311501503,-0.254551038146019,-0.4297913834452629,-0.09886118769645691,-0.39844174683094025,-0.37647487223148346,-0.08873459696769714,-0.36531394720077515,-0.33804281800985336,-0.36680949479341507
144,-0.9268731102347374,-0.9204123253002763,-0.9231621637009084,-0.9319282281212509,-0.9209265685640275,-0.9268698538653553,-0.9106548642739654,-0.9045711923390627,-0.9149116785265505,-0.8960440745577216,-0.9143502553924918,-0.9108256851322949,-0.8944353787228465,-0.9086159178987145,-0.9040480656549335,-0.9002936398610473,-0.8669611504301429,-0.9076777491718531,-0.9138905638828874,-0.8784669153392315,-0.8981959410011768,-0.8858624109998345,-0.8870294271036983
145,-0.8898702505975962,-0.8706066850572824,-0.8803192041814327,-0.901218680664897,-0.8712356463074684,-0.8986026924103498,-0.8509145984426141,-0.8550273980945349,-0.8779557277448475,-0.8245533686131239,-0.8591656312346458,-0.8633183147758245,-0.8574629435315728,-0.8703411519527435,-0.8689196929335594,-0.8500363035127521,-0.809094843454659,-0.8775083580985665,-0.8879860038869083,-0.8590485230088234,-0.8395159989595413,-0.8334333468228579,-0.8363000899553299
146,0.8981861900538206,0.862301655113697,0.9187679588794708,0.8914821557700634,0.8972842395305634,0.9117258805781603,0.8788748197257519,0.8662897609174252,0.8629322610795498,0.8507792763411999,0.9162937011569738,0.8990439511835575,0.9162598233669996,0.9324233634397388,0.9436508398503065,0.8809094280004501,0.9277808628976345,0.9361588060855865,0.9134169891476631,0.9445088589563966,0.933407736942172,0.9177675740793347,0.8935388345271349
147,-0.8551077824085951,-0.8615535087883472,-0.8470165878534317,-0.880440276581794,-0.7951716976240277,-0.8700370816513896,-0.8357591396197677,-0.8019496034830809,-0.8500536996871233,-0.7449525501579046,-0.8260486721992493,-0.8041202155873179,-0.8191537875682116,-0.8427147530019283,-0.8504689745604992,-0.8201561514288187,-0.7697821222245693,-0.8391725393012166,-0.8581328764557838,-0.809211322106421,-0.838920789770782,-0.7442725989967585,-0.8180172275751829
148,-0.9131173957139254,-0.8889223895967007,-0.9078018860891461,-0.9280934655107558,-0.9017575141042471,-0.9254097575321794,-0.9040735652670264,-0.8853274080902338,-0.9098051143810153,-0.8760208068415523,-0.9066119389608502,-0.9038509977981448,-0.9091461058706045,-0.9143831809051335,-0.913668928667903,-0.8982332935556769,-0.894273292273283,-0.9226019321940839,-0.9151959824375808,-0.8978658439591527,-0.9023294122889638,-0.8922833539545536,-0.8964910553768277
149,-0.8969235680997372,-0.8854581583291292,-0.8868876853957772,-0.8969432068988681,-0.8708504866808653,-0.8874371098354459,-0.8695232551544905,-0.860431413166225,-0.8922712337225676,-0.8511452814564109,-0.8638972388580441,-0.8683916050940752,-0.8385940920561552,-0.8566166823729873,-0.8605141397565603,-0.867681261152029,-0.8062131628394127,-0.8768778089433908,-0.8884082864969969,-0.8138461858034134,-0.8376905703917146,-0.8221843298524618,-0.849649341776967
