,name,ratings,party,year
46,Joe Biden,"[0.18574579060077667, 0.4373179078102112, 0.4805259108543396, 0.4008826017379761, 0.3767966330051422, 0.3896833062171936, 0.4186408817768097, 0.44223034381866455, 0.43781885504722595, 0.6672852635383606, 0.310555100440979, 0.36269548535346985, 0.28359681367874146, 0.3666244149208069, 0.3242129683494568, 0.6756790280342102, 0.5543627142906189, 0.5775156021118164, 0.26324424147605896, 0.5189924240112305, 0.33666282892227173, 0.364224910736084, 0.3737584054470062, 0.30386316776275635, 0.4978331923484802, 0.4103420078754425, 0.30128157138824463, 0.7373864054679871, 0.5870720148086548, 0.4251348376274109, 0.3740972578525543, 0.46343567967414856, 0.410349577665329, 0.38564807176589966, 0.30924561619758606, 0.20485316216945648, 0.283288836479187, 0.36690083146095276, 0.41729289293289185, 0.34817856550216675, 0.3053484261035919, 0.5570394992828369, 0.4562995135784149, 0.2957842946052551, 0.43362897634506226, 0.6780738234519958, 0.3010222315788269, 0.36685067415237427, 0.6986263990402222, 0.24307771027088165, 0.4974556267261505, 0.4062548577785492, 0.6233607530593872, 0.37768784165382385, 0.3829183578491211, 0.4553092420101166, 0.4807226061820984, 0.290101557970047, 0.637993335723877, 0.2844531834125519, 0.6092336773872375, 0.3838658630847931, 0.4095343351364136, 0.6413658261299133, 0.46990054845809937, 0.6202249526977539, 0.4615456461906433, 0.3847930133342743, 0.33442914485931396, 0.330707311630249, 0.4199116826057434, 0.34673765301704407, 0.459394633769989, 0.4671441912651062, 0.29922208189964294, 0.23914827406406403, 0.5410279035568237, 0.5512474179267883, 0.3137270510196686, 0.36679649353027344, 0.3718952238559723, 0.19883446395397186, 0.32483935356140137, 0.3559299409389496, 0.18324413895606995, 0.4111515283584595, 0.47717228531837463, 0.4785601496696472, 0.5054487586021423, 0.3577221930027008, 0.45903193950653076, 0.40633124113082886, 0.40643996000289917, 0.2771017551422119, 0.30220451951026917, 0.3600606322288513, 0.2944878041744232, 0.4399273693561554, 0.3494526147842407, 0.3999447226524353]",D,2021
45,Donald Trump,"[0.45290184020996094, 0.2538958191871643, 0.26917898654937744, 0.2216746062040329, 0.3928598463535309, 0.3174331486225128, 0.21366390585899353, 0.2800951600074768, 0.15106375515460968, 0.3106207549571991, 0.16413606703281403, 0.17543978989124298, 0.3889530897140503, 0.29082924127578735, 0.2771056890487671, 0.08929357677698135, 0.2390962690114975, 0.17687447369098663, 0.248103529214859, 0.2714107632637024, 0.18980063498020172, 0.3007369637489319, 0.318290114402771, 0.14773912727832794, 0.2502599358558655, 0.42917847633361816, 0.2970689535140991, 0.31156447529792786, 0.2034592479467392, 0.529776930809021, 0.3451584577560425, 0.16228652000427246, 0.4328165650367737, 0.15147657692432404, 0.13948583602905273, 0.13352766633033752, 0.26889222860336304, 0.10058407485485077, 0.2899724841117859, 0.2115439772605896, 0.43723350763320923, 0.563857913017273, 0.2685645818710327, 0.09329422563314438, 0.5143461227416992, 0.07966907322406769, 0.14490501582622528, 0.32051366567611694, 0.3446875810623169, 0.4761854112148285, 0.13418684899806976, 0.3245110511779785, 0.28286290168762207, 0.2933763563632965, 0.3018043637275696, 0.28829818964004517, 0.3898448050022125, 0.38869938254356384, 0.20957709848880768, 0.3501693904399872, 0.31764209270477295, 0.22359097003936768, 0.15995170176029205, 0.48190078139305115, 0.19256483018398285, 0.4572981297969818, 0.3047274649143219, 0.2687801420688629, 0.32154691219329834, 0.37733015418052673, 0.06141012907028198, 0.3571334779262543, 0.5172452926635742, 0.45307648181915283, 0.19135800004005432, 0.32804545760154724, 0.4747283160686493, 0.1388637274503708, 0.20815147459506989, 0.31394118070602417, 0.2564539611339569, 0.2253972589969635, 0.23143428564071655, 0.4754197895526886, 0.22568033635616302, 0.3495800495147705, 0.31280800700187683, 0.22067955136299133, 0.4509821832180023, 0.1252451390028, 0.2165766954421997, 0.1253228485584259, 0.16257742047309875, 0.3090512752532959, 0.2962695360183716, 0.16159497201442719, 0.37122514843940735, 0.27752310037612915, 0.29410210251808167, 0.36186954379081726]",R,2017
44,Barack Obama,"[0.3776243031024933, 0.5611868500709534, 0.6657924652099609, 0.784479558467865, 0.688651442527771, 0.3863579332828522, 0.3518127202987671, 0.6562651991844177, 0.7106359004974365, 0.658507764339447, 0.3435106873512268, 0.677420973777771, 0.34464266896247864, 0.7151800990104675, 0.6841619610786438, 0.34880873560905457, 0.6445910334587097, 0.7807755470275879, 0.678457498550415, 0.43560799956321716, 0.5237940549850464, 0.48041069507598877, 0.5633100271224976, 0.4002074599266052, 0.5450851917266846, 0.618750274181366, 0.4513063132762909, 0.5988011956214905, 0.312534898519516, 0.4530975818634033, 0.39938437938690186, 0.7112856507301331, 0.501554012298584, 0.46508362889289856, 0.6371265053749084, 0.42988693714141846, 0.45946019887924194, 0.772542417049408, 0.5646498203277588, 0.5209782719612122, 0.406526654958725, 0.7489771246910095, 0.5629799365997314, 0.5336480736732483, 0.5144314169883728, 0.48648694157600403, 0.35256895422935486, 0.7623448371887207, 0.6863135099411011, 0.5579047799110413, 0.5388603806495667, 0.7320817708969116, 0.5003433227539062, 0.6319814324378967, 0.4960317015647888, 0.47200003266334534, 0.8124577403068542, 0.829395055770874, 0.6879398226737976, 0.672713577747345, 0.6056706309318542, 0.5553996562957764, 0.7979222536087036, 0.4038410484790802, 0.47127318382263184, 0.7133968472480774, 0.6143641471862793, 0.2763954699039459, 0.8719834685325623, 0.7014288306236267, 0.49114882946014404, 0.5183720588684082, 0.29328060150146484, 0.5450627207756042, 0.3131364583969116, 0.5121225714683533, 0.48762840032577515, 0.49985483288764954, 0.742020308971405, 0.7340390086174011, 0.7034305930137634, 0.3722273111343384, 0.4153203070163727, 0.7865653038024902, 0.5940545201301575, 0.8019582629203796, 0.5400481820106506, 0.5122041702270508, 0.31507861614227295, 0.7267974019050598, 0.6239845156669617, 0.5554366111755371, 0.24707502126693726, 0.36783450841903687, 0.5896421074867249, 0.4739438593387604, 0.4018915593624115, 0.4338599443435669, 0.38098087906837463, 0.4834030568599701]",D,2009
43,George W. Bush,"[0.22795334458351135, 0.13050049543380737, 0.10349713265895844, 0.08998824656009674, 0.16265955567359924, 0.1626400500535965, 0.20479975640773773, 0.1385483741760254, 0.10105638206005096, 0.22509141266345978, 0.192631334066391, 0.11025600135326385, 0.1633404642343521, 0.12693920731544495, 0.13438810408115387, 0.09326151013374329, 0.18769687414169312, 0.20666329562664032, 0.22559963166713715, 0.18955878913402557, 0.1404912918806076, 0.16225388646125793, 0.24491551518440247, 0.10330776870250702, 0.33445361256599426, 0.18677660822868347, 0.23981811106204987, 0.1232764795422554, 0.16133570671081543, 0.1364966332912445, 0.05985569208860397, 0.13015708327293396, 0.26473337411880493, 0.15881501138210297, 0.28748762607574463, 0.15016919374465942, 0.14818869531154633, 0.18786439299583435, 0.22228401899337769, 0.20974071323871613, 0.21714016795158386, 0.21341745555400848, 0.2316925972700119, 0.18616805970668793, 0.12482645362615585, 0.12987548112869263, 0.16951103508472443, 0.2602047324180603, 0.18188025057315826, 0.19704152643680573, 0.18281182646751404, 0.14162245392799377, 0.15649577975273132, 0.048024777323007584, 0.20410092175006866, 0.16081836819648743, 0.13062724471092224, 0.20982682704925537, 0.10875891149044037, 0.10486899316310883, 0.14130213856697083, 0.14672642946243286, 0.11140933632850647, 0.11066477000713348, 0.1765020489692688, 0.11216426640748978, 0.18086698651313782, 0.21447643637657166, 0.19850854575634003, 0.12918584048748016, 0.08931126445531845, 0.18014851212501526, 0.10260175168514252, 0.10467959195375443, 0.11740296334028244, 0.25193291902542114, 0.1973440945148468, 0.11444520950317383, 0.27047422528266907, 0.16561225056648254, 0.1374005675315857, 0.18037033081054688, 0.10493158549070358, 0.20438893139362335, 0.1373247355222702, 0.08888128399848938, 0.1572418212890625, 0.18375375866889954, 0.10972058773040771, 0.1925160437822342, 0.06929875165224075, 0.18803687393665314, 0.13898971676826477, 0.15820373594760895, 0.13904571533203125, 0.11020106822252274, 0.14584515988826752, 0.19739821553230286, 0.1451806128025055, 0.2828860282897949]",R,2001
42,Bill Clinton,"[0.7152032852172852, 0.503722071647644, 0.5915780067443848, 0.7120664119720459, 0.8220944404602051, 0.3297657370567322, 0.5970091819763184, 0.43135595321655273, 0.3901154696941376, 0.5179087519645691, 0.5939264893531799, 0.4177030622959137, 0.4371529519557953, 0.4091963469982147, 0.7529438138008118, 0.3289307951927185, 0.8180790543556213, 0.44394606351852417, 0.7083373069763184, 0.3052040934562683, 0.3158532977104187, 0.36112481355667114, 0.4833509922027588, 0.4632652997970581, 0.311941921710968, 0.5394096970558167, 0.43902072310447693, 0.7269713282585144, 0.454069584608078, 0.19862112402915955, 0.27409568428993225, 0.24615910649299622, 0.7318938374519348, 0.7314915657043457, 0.3563612997531891, 0.2107464224100113, 0.582473874092102, 0.35936182737350464, 0.4269971251487732, 0.2517143487930298, 0.5817399621009827, 0.46564871072769165, 0.7063718438148499, 0.4846862256526947, 0.3889116644859314, 0.3266769349575043, 0.3377663195133209, 0.5110357999801636, 0.6214756965637207, 0.4172489643096924, 0.3985186815261841, 0.4686111509799957, 0.7798607349395752, 0.5224047303199768, 0.40820664167404175, 0.44273480772972107, 0.7006952166557312, 0.3809415400028229, 0.8362756371498108, 0.2904245853424072, 0.4172343611717224, 0.4513210356235504, 0.6563305258750916, 0.7591934204101562, 0.6929088830947876, 0.7852863669395447, 0.3752523362636566, 0.629155695438385, 0.4323740005493164, 0.4296223223209381, 0.5031542778015137, 0.5196723341941833, 0.36225181818008423, 0.5605375170707703, 0.5190225839614868, 0.4169444739818573, 0.47985246777534485, 0.27516549825668335, 0.4040713310241699, 0.49122974276542664, 0.4068453907966614, 0.45912665128707886, 0.7796516418457031, 0.3735331892967224, 0.525048017501831, 0.6470924019813538, 0.7947155237197876, 0.5302677750587463, 0.42653679847717285, 0.8012328743934631, 0.25903281569480896, 0.48356807231903076, 0.3207343816757202, 0.5377695560455322, 0.773950457572937, 0.25505414605140686, 0.4359368085861206, 0.34288111329078674, 0.5800374150276184, 0.461331844329834]",D,1993
41,George H. W. Bush,"[0.24738337099552155, 0.31870007514953613, 0.26713377237319946, 0.26931032538414, 0.2675129473209381, 0.24077647924423218, 0.5224788784980774, 0.2895335853099823, 0.2661437392234802, 0.26140403747558594, 0.293849915266037, 0.415566623210907, 0.432727187871933, 0.38726693391799927, 0.3650723695755005, 0.3871390223503113, 0.23505789041519165, 0.3825738728046417, 0.19120429456233978, 0.27047261595726013, 0.3305537700653076, 0.23614352941513062, 0.42809516191482544, 0.2831879258155823, 0.31376704573631287, 0.41278547048568726, 0.2988276481628418, 0.3304818272590637, 0.20337031781673431, 0.33778607845306396, 0.26761576533317566, 0.4264969825744629, 0.4153129756450653, 0.3829019367694855, 0.20252160727977753, 0.2728257477283478, 0.40980976819992065, 0.25085192918777466, 0.3806866705417633, 0.45634588599205017, 0.24849458038806915, 0.3546094000339508, 0.2358698844909668, 0.3099166750907898, 0.19653701782226562, 0.3410741984844208, 0.26119565963745117, 0.4941464364528656, 0.1721217781305313, 0.2727135419845581, 0.3896566927433014, 0.22763332724571228, 0.2921355068683624, 0.2120639532804489, 0.2889685332775116, 0.5422970056533813, 0.4114316701889038, 0.18917490541934967, 0.548242449760437, 0.32759860157966614, 0.19346845149993896, 0.31823962926864624, 0.2627617120742798, 0.4374134838581085, 0.24865156412124634, 0.38959869742393494, 0.24020303785800934, 0.28301894664764404, 0.2261505275964737, 0.2165917456150055, 0.3395513892173767, 0.21277576684951782, 0.27261433005332947, 0.22155970335006714, 0.5785136222839355, 0.624359130859375, 0.23358286917209625, 0.34774354100227356, 0.41914838552474976, 0.6123097538948059, 0.17743037641048431, 0.3413022458553314, 0.28367146849632263, 0.3306140899658203, 0.41074138879776, 0.1875944584608078, 0.34159761667251587, 0.24667774140834808, 0.16625630855560303, 0.459021657705307, 0.23678866028785706, 0.20891918241977692, 0.22175057232379913, 0.21081963181495667, 0.23066122829914093, 0.2492087036371231, 0.32077017426490784, 0.33522507548332214, 0.24454009532928467, 0.17892439663410187]",R,1989
40,Ronald Reagan,"[0.3941095769405365, 0.2717815339565277, 0.5209864377975464, 0.42105013132095337, 0.5082868933677673, 0.31612759828567505, 0.2652469873428345, 0.2938804030418396, 0.7569013237953186, 0.20603016018867493, 0.5783509612083435, 0.70911705493927, 0.6387833952903748, 0.2724144458770752, 0.31489628553390503, 0.395835280418396, 0.4650435447692871, 0.3540560305118561, 0.6887624859809875, 0.23287612199783325, 0.35390976071357727, 0.375144898891449, 0.19197554886341095, 0.2920714020729065, 0.39204835891723633, 0.277351051568985, 0.5924358367919922, 0.3542627990245819, 0.5717136859893799, 0.4089668393135071, 0.5376794934272766, 0.6630539894104004, 0.5427052974700928, 0.18521548807621002, 0.2575056254863739, 0.3463648855686188, 0.7050507664680481, 0.29746297001838684, 0.4291457533836365, 0.5947665572166443, 0.1824246346950531, 0.7179170250892639, 0.3486190140247345, 0.48643842339515686, 0.35522183775901794, 0.48862555623054504, 0.5432529449462891, 0.340821236371994, 0.44711244106292725, 0.2351878583431244, 0.3019954562187195, 0.47443076968193054, 0.2914213240146637, 0.4779265522956848, 0.7703605890274048, 0.34300029277801514, 0.33708417415618896, 0.2799965739250183, 0.3634485900402069, 0.44863617420196533, 0.2654881477355957, 0.3183842599391937, 0.30137959122657776, 0.317196786403656, 0.40423843264579773, 0.22931025922298431, 0.332974374294281, 0.6628689169883728, 0.2461448758840561, 0.5199441909790039, 0.37800419330596924, 0.409427672624588, 0.32073038816452026, 0.3243047595024109, 0.7818834185600281, 0.42040640115737915, 0.18857692182064056, 0.31268635392189026, 0.5227888822555542, 0.5403261184692383, 0.3716985285282135, 0.360076904296875, 0.24095048010349274, 0.35702839493751526, 0.8258146047592163, 0.3631718158721924, 0.23294390738010406, 0.6511694192886353, 0.36982473731040955, 0.5388509035110474, 0.5777599811553955, 0.48698920011520386, 0.44610893726348877, 0.3154340982437134, 0.770144522190094, 0.5487971305847168, 0.6811136603355408, 0.7859856486320496, 0.2877604365348816, 0.18609938025474548]",R,1981
39,Jimmy Carter,"[0.5008457899093628, 0.33395591378211975, 0.34531497955322266, 0.4037065804004669, 0.18400835990905762, 0.2935475707054138, 0.5569771528244019, 0.2940518856048584, 0.21422919631004333, 0.44237834215164185, 0.46607571840286255, 0.3462062478065491, 0.5472776293754578, 0.35022488236427307, 0.4394374191761017, 0.4779549241065979, 0.3997178375720978, 0.2907596826553345, 0.1900356113910675, 0.16114956140518188, 0.1354214996099472, 0.13124097883701324, 0.325724720954895, 0.30776217579841614, 0.2041739672422409, 0.2436491996049881, 0.14919507503509521, 0.3134881556034088, 0.6022804975509644, 0.27775993943214417, 0.2289179265499115, 0.3178250193595886, 0.7096068263053894, 0.6953116059303284, 0.15002767741680145, 0.50357985496521, 0.18946819007396698, 0.21185480058193207, 0.27504512667655945, 0.39029011130332947, 0.17598304152488708, 0.1967691332101822, 0.3477533161640167, 0.5731958746910095, 0.3163662552833557, 0.17807407677173615, 0.6809109449386597, 0.18872283399105072, 0.4872880280017853, 0.27552732825279236, 0.28424862027168274, 0.26190194487571716, 0.18619368970394135, 0.1297079622745514, 0.2163638323545456, 0.1271287500858307, 0.15456132590770721, 0.2355656623840332, 0.6491732001304626, 0.42663756012916565, 0.31236162781715393, 0.32980334758758545, 0.4468909502029419, 0.5230125188827515, 0.485684871673584, 0.5704388618469238, 0.14771752059459686, 0.5007486343383789, 0.20851732790470123, 0.31174251437187195, 0.46292969584465027, 0.3221680819988251, 0.31627166271209717, 0.4727571904659271, 0.20016859471797943, 0.22204774618148804, 0.497498095035553, 0.40404438972473145, 0.4726113975048065, 0.35972532629966736, 0.22780847549438477, 0.2976733446121216, 0.474223792552948, 0.23295418918132782, 0.21772748231887817, 0.41264045238494873, 0.3685719072818756, 0.6909493803977966, 0.18009382486343384, 0.624297559261322, 0.3612472116947174, 0.11044067144393921, 0.15057335793972015, 0.32843708992004395, 0.317225843667984, 0.6241839528083801, 0.4240265488624573, 0.5154063105583191, 0.28529229760169983, 0.14552189409732819]",D,1977
38,Gerald Ford,"[0.14071621000766754, 0.12598320841789246, 0.2691493332386017, 0.2437225729227066, 0.19071176648139954, 0.07733447104692459, 0.1846739500761032, 0.1734474003314972, 0.18221235275268555, 0.2616470754146576, 0.11603275686502457, 0.06836798042058945, 0.17060591280460358, 0.12659727036952972, 0.23800957202911377, 0.1585804522037506, 0.16111081838607788, 0.14529764652252197, 0.121111199259758, 0.17632843554019928, 0.18764658272266388, 0.2663193345069885, 0.33221736550331116, 0.12250113487243652, 0.35089752078056335, 0.12426002323627472, 0.20246605575084686, 0.2676798701286316, 0.1733279824256897, 0.12283618003129959, 0.07971367985010147, 0.10937793552875519, 0.22903044521808624, 0.11988820880651474, 0.11292162537574768, 0.09733948111534119, 0.09836862981319427, 0.2876534163951874, 0.16203352808952332, 0.11095382273197174, 0.18418791890144348, 0.15099628269672394, 0.14219482243061066, 0.26384294033050537, 0.25485992431640625, 0.23201660811901093, 0.1687401384115219, 0.07926266640424728, 0.21034500002861023, 0.1443222165107727, 0.19492606818675995, 0.20683740079402924, 0.09876520931720734, 0.13725966215133667, 0.14747123420238495, 0.07100608199834824, 0.1352166384458542, 0.24872440099716187, 0.17739799618721008, 0.07476574182510376, 0.12909699976444244, 0.16786082088947296, 0.06329207867383957, 0.19336678087711334, 0.15910321474075317, 0.09828930348157883, 0.32158368825912476, 0.17116078734397888, 0.20872846245765686, 0.18813735246658325, 0.15203619003295898, 0.1520967334508896, 0.1965431571006775, 0.1179705336689949, 0.146735280752182, 0.13722747564315796, 0.1785811483860016, 0.11212911456823349, 0.21312940120697021, 0.14489500224590302, 0.1521935611963272, 0.11069321632385254, 0.1385287493467331, 0.09897289425134659, 0.13142801821231842, 0.3454210162162781, 0.07690604776144028, 0.08705604076385498, 0.09487283229827881, 0.11747568100690842, 0.20649182796478271, 0.11660102754831314, 0.13717955350875854, 0.12183425575494766, 0.12926986813545227, 0.1969510167837143, 0.13010381162166595, 0.0994989424943924, 0.1995759755373001, 0.26699283719062805]",R,1974
37,Richard Nixon,"[0.08158718049526215, 0.13287512958049774, 0.12516963481903076, 0.1257506161928177, 0.25714075565338135, 0.10199210792779922, 0.10404015332460403, 0.14718382060527802, 0.18988613784313202, 0.24380335211753845, 0.12164638191461563, 0.2395598292350769, 0.19749271869659424, 0.13699780404567719, 0.4709215462207794, 0.1962108463048935, 0.1273745745420456, 0.1625245213508606, 0.1082075908780098, 0.107211172580719, 0.11492051184177399, 0.13075801730155945, 0.15517188608646393, 0.10811413079500198, 0.06721839308738708, 0.24499396979808807, 0.26494070887565613, 0.16865943372249603, 0.12434397637844086, 0.13059432804584503, 0.2051379382610321, 0.1098940521478653, 0.27940139174461365, 0.12062715739011765, 0.08287549018859863, 0.14663641154766083, 0.10952946543693542, 0.2224923074245453, 0.13865478336811066, 0.21279668807983398, 0.11600574851036072, 0.2579050362110138, 0.09833817929029465, 0.09457357972860336, 0.15227477252483368, 0.12647411227226257, 0.16127543151378632, 0.10990189015865326, 0.14344105124473572, 0.08902115374803543, 0.15901625156402588, 0.1873471438884735, 0.1592702567577362, 0.1325971484184265, 0.08885189890861511, 0.10068400949239731, 0.3797258734703064, 0.09297023713588715, 0.2735563814640045, 0.10840027779340744, 0.20053109526634216, 0.12987780570983887, 0.07801199704408646, 0.14019732177257538, 0.22534584999084473, 0.19798044860363007, 0.08518648147583008, 0.49598684906959534, 0.3501754105091095, 0.3595300018787384, 0.18300823867321014, 0.16065660119056702, 0.12795209884643555, 0.15197020769119263, 0.15924689173698425, 0.12037154287099838, 0.11277768760919571, 0.14109519124031067, 0.2041974663734436, 0.19586899876594543, 0.350292831659317, 0.07049974799156189, 0.27617818117141724, 0.18838109076023102, 0.14407993853092194, 0.10366599261760712, 0.13085345923900604, 0.10834898799657822, 0.16964925825595856, 0.13534961640834808, 0.10947559028863907, 0.16449479758739471, 0.1277727484703064, 0.11518144607543945, 0.2425534874200821, 0.180521160364151, 0.2557556927204132, 0.1649637371301651, 0.19822801649570465, 0.15576165914535522]",R,1969
36,Lyndon B. Johnson,"[0.3749386668205261, 0.189515620470047, 0.2574057877063751, 0.25297266244888306, 0.13189339637756348, 0.40315309166908264, 0.22146263718605042, 0.22175852954387665, 0.28655341267585754, 0.253176748752594, 0.28653743863105774, 0.31076478958129883, 0.42440035939216614, 0.30328118801116943, 0.25296109914779663, 0.09900237619876862, 0.40579554438591003, 0.4207194149494171, 0.3108583986759186, 0.12492760270833969, 0.25987592339515686, 0.1535504311323166, 0.28715747594833374, 0.3062068521976471, 0.33965757489204407, 0.2845511734485626, 0.15587842464447021, 0.16844826936721802, 0.18641744554042816, 0.31104782223701477, 0.16089949011802673, 0.15443186461925507, 0.35581666231155396, 0.1545758992433548, 0.17396847903728485, 0.22710785269737244, 0.2756388485431671, 0.2047562450170517, 0.32108670473098755, 0.11112306267023087, 0.2375958114862442, 0.2166212797164917, 0.219905287027359, 0.2651263475418091, 0.15891554951667786, 0.15181751549243927, 0.43091729283332825, 0.16990338265895844, 0.20959845185279846, 0.2224523276090622, 0.38080140948295593, 0.3387209177017212, 0.254852294921875, 0.3604004681110382, 0.1465272158384323, 0.23262159526348114, 0.2332361489534378, 0.3179892301559448, 0.4429562985897064, 0.18177220225334167, 0.15461945533752441, 0.13190867006778717, 0.19443480670452118, 0.27606603503227234, 0.15591450035572052, 0.23645390570163727, 0.3042619526386261, 0.20606040954589844, 0.12262493371963501, 0.2864689230918884, 0.39779773354530334, 0.27951714396476746, 0.26158198714256287, 0.15216289460659027, 0.1868724822998047, 0.2373518943786621, 0.35891127586364746, 0.38773834705352783, 0.23163165152072906, 0.21385639905929565, 0.1351470798254013, 0.3001904785633087, 0.1634914129972458, 0.296313613653183, 0.19172640144824982, 0.2506300210952759, 0.49696603417396545, 0.13582609593868256, 0.1667345017194748, 0.3052571415901184, 0.43334251642227173, 0.36079469323158264, 0.29414102435112, 0.3086538314819336, 0.3646758496761322, 0.22692184150218964, 0.28988537192344666, 0.17900359630584717, 0.13075490295886993, 0.18822763860225677]",D,1963
35,John F. Kennedy,"[0.20927706360816956, 0.5535953640937805, 0.12553870677947998, 0.1916750967502594, 0.3537561595439911, 0.2689475417137146, 0.1318647563457489, 0.6652260422706604, 0.10313821583986282, 0.215950146317482, 0.167948916554451, 0.18538740277290344, 0.1604384034872055, 0.11167217791080475, 0.3901894986629486, 0.16572123765945435, 0.08638344705104828, 0.4164956510066986, 0.22351914644241333, 0.4475763440132141, 0.3652286231517792, 0.19322609901428223, 0.18230998516082764, 0.20329095423221588, 0.19811199605464935, 0.4401545822620392, 0.36620014905929565, 0.26311129331588745, 0.3874383568763733, 0.29150620102882385, 0.17803776264190674, 0.12037929892539978, 0.6979868412017822, 0.24799437820911407, 0.36412158608436584, 0.17595180869102478, 0.29279837012290955, 0.18778574466705322, 0.1287156045436859, 0.09747514128684998, 0.3440261483192444, 0.567469596862793, 0.31885746121406555, 0.1404915750026703, 0.2811133563518524, 0.10078395158052444, 0.16348712146282196, 0.19203190505504608, 0.18583397567272186, 0.17901504039764404, 0.385174423456192, 0.30457738041877747, 0.14882256090641022, 0.22782555222511292, 0.1844920665025711, 0.17703016102313995, 0.5447073578834534, 0.11233215779066086, 0.27072709798812866, 0.21458375453948975, 0.19920013844966888, 0.35915514826774597, 0.46584853529930115, 0.09111009538173676, 0.3022388517856598, 0.32662585377693176, 0.1806340515613556, 0.6850446462631226, 0.3456520140171051, 0.24045926332473755, 0.18746404349803925, 0.38799163699150085, 0.09192869812250137, 0.18353497982025146, 0.20784994959831238, 0.19220702350139618, 0.41994693875312805, 0.2475801259279251, 0.2931477725505829, 0.14475423097610474, 0.0842730775475502, 0.13643303513526917, 0.2748635411262512, 0.17048069834709167, 0.2557125687599182, 0.1306726485490799, 0.25279897451400757, 0.2916525900363922, 0.3257966935634613, 0.1974160373210907, 0.5210967659950256, 0.1155787855386734, 0.20557890832424164, 0.24769431352615356, 0.3421787917613983, 0.21424150466918945, 0.36990559101104736, 0.3075275421142578, 0.29252079129219055, 0.25255072116851807]",D,1961
34,Dwight D. Eisenhower,"[0.6270186305046082, 0.33403030037879944, 0.32351380586624146, 0.3635384738445282, 0.34901249408721924, 0.252747505903244, 0.25941434502601624, 0.4666173756122589, 0.4396403133869171, 0.4987461566925049, 0.48357272148132324, 0.4105311632156372, 0.39784952998161316, 0.45777782797813416, 0.5441362261772156, 0.42714616656303406, 0.2085917592048645, 0.5953381061553955, 0.2692549228668213, 0.3667341470718384, 0.33445146679878235, 0.29729416966438293, 0.45150306820869446, 0.307255357503891, 0.4213322699069977, 0.3808864653110504, 0.4914892315864563, 0.3260171115398407, 0.34599578380584717, 0.25144055485725403, 0.31798866391181946, 0.4397179186344147, 0.5405648350715637, 0.35953667759895325, 0.4016760587692261, 0.20055192708969116, 0.29958638548851013, 0.49395617842674255, 0.213727667927742, 0.39241012930870056, 0.34184765815734863, 0.24869175255298615, 0.3307601809501648, 0.2145223319530487, 0.45315730571746826, 0.5325605869293213, 0.2759205102920532, 0.3028647005558014, 0.5189822316169739, 0.30547693371772766, 0.3791239559650421, 0.37739697098731995, 0.30564960837364197, 0.2700963020324707, 0.5123626589775085, 0.3880336582660675, 0.15957266092300415, 0.262189656496048, 0.3304363787174225, 0.30198320746421814, 0.38641148805618286, 0.310494065284729, 0.3477875888347626, 0.34320756793022156, 0.6336224675178528, 0.18324819207191467, 0.2964976727962494, 0.21632249653339386, 0.2923268973827362, 0.45374780893325806, 0.35369133949279785, 0.19323833286762238, 0.30524569749832153, 0.3485712707042694, 0.45272552967071533, 0.3012893795967102, 0.35912778973579407, 0.2834465801715851, 0.46269726753234863, 0.5608558058738708, 0.3475911021232605, 0.4298761188983917, 0.2699812650680542, 0.5191502571105957, 0.4932239055633545, 0.3792060613632202, 0.2906637191772461, 0.4188912808895111, 0.26258617639541626, 0.25679507851600647, 0.3911031186580658, 0.2880952060222626, 0.27706030011177063, 0.2708045542240143, 0.18529419600963593, 0.26521334052085876, 0.49435192346572876, 0.34377387166023254, 0.40023645758628845, 0.38783344626426697]",R,1953
33,Harry S. Truman,"[0.17036211490631104, 0.20833659172058105, 0.12341703474521637, 0.1499294489622116, 0.14428269863128662, 0.10460600256919861, 0.21292267739772797, 0.08189976960420609, 0.1952465921640396, 0.3291684091091156, 0.10251607745885849, 0.23182402551174164, 0.17860732972621918, 0.2203902006149292, 0.12767110764980316, 0.16485343873500824, 0.17270198464393616, 0.13670727610588074, 0.30926087498664856, 0.16255365312099457, 0.07080269604921341, 0.20180395245552063, 0.13079437613487244, 0.37633147835731506, 0.2432137429714203, 0.09065285325050354, 0.12708184123039246, 0.16791267693042755, 0.20699641108512878, 0.12142247706651688, 0.1567717343568802, 0.12484017759561539, 0.09863471984863281, 0.17436978220939636, 0.24210092425346375, 0.13710618019104004, 0.12707702815532684, 0.12566779553890228, 0.21128515899181366, 0.22430871427059174, 0.1863327920436859, 0.10135103762149811, 0.09555914252996445, 0.23291075229644775, 0.1454458236694336, 0.12773604691028595, 0.43221378326416016, 0.1513444483280182, 0.15382666885852814, 0.18475310504436493, 0.11134970933198929, 0.24895063042640686, 0.11438987404108047, 0.1240992471575737, 0.17906107008457184, 0.25701454281806946, 0.22091755270957947, 0.10478009283542633, 0.1853548288345337, 0.3245680332183838, 0.22161085903644562, 0.17236505448818207, 0.2338917851448059, 0.20109668374061584, 0.2499493658542633, 0.3159118890762329, 0.0809059739112854, 0.1318952590227127, 0.1563475877046585, 0.12844043970108032, 0.14952492713928223, 0.0957527682185173, 0.16568847000598907, 0.1286545991897583, 0.09079108387231827, 0.14508038759231567, 0.1045023649930954, 0.146235853433609, 0.19151964783668518, 0.16747364401817322, 0.09360654652118683, 0.09082766622304916, 0.1440352201461792, 0.08625525236129761, 0.14392505586147308, 0.17464876174926758, 0.3033527433872223, 0.1605917364358902, 0.23367346823215485, 0.2737590968608856, 0.16710437834262848, 0.17883111536502838, 0.1186022087931633, 0.21135282516479492, 0.21482528746128082, 0.10362226516008377, 0.1690617948770523, 0.2015077769756317, 0.20244306325912476, 0.11888141930103302]",D,1945
32,Franklin D. Roosevelt,"[0.4548662006855011, 0.39635640382766724, 0.5236510038375854, 0.6726600527763367, 0.2891707420349121, 0.46718382835388184, 0.5405681133270264, 0.43608036637306213, 0.41646021604537964, 0.48513102531433105, 0.5142560601234436, 0.30579909682273865, 0.45388248562812805, 0.4930639863014221, 0.5059927105903625, 0.5715470910072327, 0.597194254398346, 0.509037435054779, 0.6235539317131042, 0.8649312853813171, 0.3723253905773163, 0.7369528412818909, 0.5764002799987793, 0.5638023018836975, 0.5925499796867371, 0.4862741529941559, 0.44053915143013, 0.6337593197822571, 0.3793010413646698, 0.5124667286872864, 0.6668602824211121, 0.6213184595108032, 0.500990629196167, 0.41274547576904297, 0.5580224394798279, 0.42134585976600647, 0.8735606670379639, 0.4395435154438019, 0.5141456127166748, 0.3918628990650177, 0.6800829768180847, 0.8399322032928467, 0.6117748618125916, 0.5258005857467651, 0.6404545903205872, 0.5061941742897034, 0.5725583434104919, 0.39873161911964417, 0.45791274309158325, 0.47916379570961, 0.4500640630722046, 0.600994884967804, 0.4147547781467438, 0.4774443209171295, 0.663090169429779, 0.3303160071372986, 0.49360135197639465, 0.3538779020309448, 0.5736241340637207, 0.5320929288864136, 0.49590393900871277, 0.37423238158226013, 0.40947166085243225, 0.5946914553642273, 0.46238356828689575, 0.6484533548355103, 0.761137843132019, 0.5046647787094116, 0.4667495787143707, 0.514180600643158, 0.5003886222839355, 0.4173426628112793, 0.46867311000823975, 0.8555915355682373, 0.6487411260604858, 0.47825372219085693, 0.5370969772338867, 0.40093058347702026, 0.4206874668598175, 0.7229819893836975, 0.5015923976898193, 0.4434209167957306, 0.3639588952064514, 0.3513320982456207, 0.4026767313480377, 0.44103407859802246, 0.44144827127456665, 0.34329578280448914, 0.6409474015235901, 0.4760833978652954, 0.5172638297080994, 0.4862595796585083, 0.6062002182006836, 0.6675304174423218, 0.48514604568481445, 0.6336418986320496, 0.5007786154747009, 0.5952656865119934, 0.4400815963745117, 0.4337509870529175]",D,1933
31,Herbert Hoover,"[0.1314733922481537, 0.17810335755348206, 0.12632355093955994, 0.15444248914718628, 0.09184089303016663, 0.08632723242044449, 0.049183499068021774, 0.17197245359420776, 0.16619499027729034, 0.056155815720558167, 0.07936692237854004, 0.1889759600162506, 0.19282734394073486, 0.08608710765838623, 0.07892844080924988, 0.09719227254390717, 0.032868582755327225, 0.12253089994192123, 0.066831573843956, 0.053245626389980316, 0.04166141152381897, 0.046118564903736115, 0.09271662682294846, 0.051305435597896576, 0.11277644336223602, 0.14015062153339386, 0.12395139038562775, 0.23575732111930847, 0.06388557702302933, 0.093220554292202, 0.11621265858411789, 0.15585282444953918, 0.11208180338144302, 0.17917434871196747, 0.14009985327720642, 0.10527841746807098, 0.1784379482269287, 0.0523998960852623, 0.12418380379676819, 0.07955147325992584, 0.05596190318465233, 0.19996531307697296, 0.12887783348560333, 0.05774753913283348, 0.08382286131381989, 0.09666222333908081, 0.11754456162452698, 0.12206754088401794, 0.06015314534306526, 0.11024492979049683, 0.06783124059438705, 0.09079647809267044, 0.1409112960100174, 0.04483627900481224, 0.08841235935688019, 0.3128070831298828, 0.1257093846797943, 0.1290816366672516, 0.14926081895828247, 0.04657065123319626, 0.07599373161792755, 0.06543663889169693, 0.20869696140289307, 0.11355193704366684, 0.1375088095664978, 0.17708370089530945, 0.06552877277135849, 0.06741059571504593, 0.08946488052606583, 0.19894690811634064, 0.10528748482465744, 0.08701462298631668, 0.10609812289476395, 0.06597907096147537, 0.09252393990755081, 0.14313377439975739, 0.11197913438081741, 0.043071627616882324, 0.07978948950767517, 0.04878208041191101, 0.05055006220936775, 0.13075827062129974, 0.15403103828430176, 0.15368451178073883, 0.3062482178211212, 0.08578376471996307, 0.0823119580745697, 0.0645984336733818, 0.10290181636810303, 0.11831361800432205, 0.08561305701732635, 0.13723249733448029, 0.10790973156690598, 0.05064104497432709, 0.04659375175833702, 0.07785865664482117, 0.13311082124710083, 0.14169082045555115, 0.07831741869449615, 0.19004201889038086]",R,1929
30,Calvin Coolidge,"[0.25415995717048645, 0.13839758932590485, 0.1748064160346985, 0.23487736284732819, 0.09654534608125687, 0.29660165309906006, 0.3789726793766022, 0.2743552327156067, 0.23918506503105164, 0.3223477005958557, 0.477969229221344, 0.2648177444934845, 0.26482951641082764, 0.18409845232963562, 0.217777818441391, 0.156782329082489, 0.40431278944015503, 0.24348634481430054, 0.31921079754829407, 0.3193263113498688, 0.26011863350868225, 0.5046872496604919, 0.16120605170726776, 0.14691676199436188, 0.1921824961900711, 0.22386620938777924, 0.34787121415138245, 0.34995540976524353, 0.38933488726615906, 0.1783348023891449, 0.3229522705078125, 0.1860702484846115, 0.3313824534416199, 0.11348062008619308, 0.2607767581939697, 0.17698101699352264, 0.3266240954399109, 0.40397924184799194, 0.3239457309246063, 0.17789115011692047, 0.31449538469314575, 0.2027241736650467, 0.13974332809448242, 0.2922782599925995, 0.26547762751579285, 0.21885782480239868, 0.33434975147247314, 0.23017458617687225, 0.23530934751033783, 0.37361040711402893, 0.3154943883419037, 0.5877843499183655, 0.34346726536750793, 0.20309928059577942, 0.2928319573402405, 0.1398937702178955, 0.36711767315864563, 0.4431915283203125, 0.37252429127693176, 0.2423180490732193, 0.36489138007164, 0.17603075504302979, 0.4425162971019745, 0.3295038640499115, 0.40216922760009766, 0.24234004318714142, 0.40838393568992615, 0.1394445300102234, 0.28221970796585083, 0.3452601134777069, 0.35578176379203796, 0.2064795196056366, 0.3200352191925049, 0.485180139541626, 0.34085509181022644, 0.42968326807022095, 0.3991597592830658, 0.2527332305908203, 0.43504253029823303, 0.37464308738708496, 0.14179804921150208, 0.20118089020252228, 0.1472066044807434, 0.3885081112384796, 0.29288041591644287, 0.14300400018692017, 0.1830117106437683, 0.4048338234424591, 0.340808629989624, 0.27399957180023193, 0.1931818276643753, 0.35014769434928894, 0.2269875407218933, 0.3262218236923218, 0.15753871202468872, 0.24471665918827057, 0.15746672451496124, 0.28876805305480957, 0.36790671944618225, 0.20278410613536835]",R,1923
29,Warren G. Harding,"[0.2188638597726822, 0.16429740190505981, 0.11134367436170578, 0.1604510247707367, 0.23326127231121063, 0.21354101598262787, 0.21490295231342316, 0.24252809584140778, 0.39529556035995483, 0.4086152911186218, 0.5616267919540405, 0.24208147823810577, 0.37101051211357117, 0.24037988483905792, 0.3560713231563568, 0.27190861105918884, 0.16331346333026886, 0.42895743250846863, 0.24738334119319916, 0.16393445432186127, 0.1024542972445488, 0.316278874874115, 0.1533166766166687, 0.2605568766593933, 0.1776508241891861, 0.3882710635662079, 0.11003298312425613, 0.12443690001964569, 0.2653355896472931, 0.1419743150472641, 0.3581971228122711, 0.2169775813817978, 0.09179512411355972, 0.3921988308429718, 0.3596092462539673, 0.18408925831317902, 0.20012809336185455, 0.21070481836795807, 0.3200542628765106, 0.1442117840051651, 0.11482984572649002, 0.14734427630901337, 0.15475890040397644, 0.13049869239330292, 0.18180638551712036, 0.1058780699968338, 0.15353219211101532, 0.3429633378982544, 0.23588921129703522, 0.18469107151031494, 0.20085136592388153, 0.19901438057422638, 0.27388906478881836, 0.1595253199338913, 0.17031677067279816, 0.128579780459404, 0.3514002859592438, 0.07488676905632019, 0.17043910920619965, 0.3674629032611847, 0.1175733134150505, 0.17288914322853088, 0.14988906681537628, 0.16049331426620483, 0.4615885317325592, 0.1351957470178604, 0.1535959392786026, 0.1812053918838501, 0.18033567070960999, 0.15985968708992004, 0.17217925190925598, 0.30281153321266174, 0.21671773493289948, 0.2540717124938965, 0.15785199403762817, 0.21505291759967804, 0.3923697769641876, 0.5411660671234131, 0.2295474410057068, 0.16129165887832642, 0.30694520473480225, 0.10630786418914795, 0.2068297415971756, 0.4639008045196533, 0.24768054485321045, 0.11908917129039764, 0.29810526967048645, 0.1776813119649887, 0.2021462619304657, 0.4023582637310028, 0.5023241639137268, 0.2429303377866745, 0.40319496393203735, 0.46505504846572876, 0.2065909504890442, 0.16473256051540375, 0.22623211145401, 0.21001583337783813, 0.16292975842952728, 0.350134015083313]",R,1921
28,Woodrow Wilson,"[0.1916797161102295, 0.20874959230422974, 0.23802708089351654, 0.21918123960494995, 0.19547981023788452, 0.17992538213729858, 0.22510594129562378, 0.20893943309783936, 0.20026756823062897, 0.32446911931037903, 0.20791767537593842, 0.14413641393184662, 0.2192695587873459, 0.20517638325691223, 0.10754519701004028, 0.17864368855953217, 0.3195297420024872, 0.2329019159078598, 0.25084179639816284, 0.1738896667957306, 0.12497641891241074, 0.2185150384902954, 0.4127052128314972, 0.16674360632896423, 0.2088278979063034, 0.365305632352829, 0.2298426628112793, 0.24921739101409912, 0.16863304376602173, 0.25952133536338806, 0.17856062948703766, 0.23483285307884216, 0.18515564501285553, 0.21060620248317719, 0.3142090439796448, 0.2262287139892578, 0.32119590044021606, 0.28642597794532776, 0.1626739203929901, 0.39669370651245117, 0.31286704540252686, 0.2623090445995331, 0.26160863041877747, 0.26406797766685486, 0.16859427094459534, 0.20322410762310028, 0.20563237369060516, 0.2918510138988495, 0.1858767569065094, 0.30888763070106506, 0.2825978994369507, 0.23520663380622864, 0.16860638558864594, 0.37610501050949097, 0.1670568734407425, 0.1497194468975067, 0.16729937493801117, 0.21319924294948578, 0.2036060392856598, 0.28326284885406494, 0.1596570461988449, 0.21763774752616882, 0.20246151089668274, 0.27797308564186096, 0.3392222225666046, 0.37990179657936096, 0.255115270614624, 0.349231094121933, 0.2719193696975708, 0.2505306899547577, 0.20749390125274658, 0.31094875931739807, 0.35428452491760254, 0.4897322654724121, 0.3126463294029236, 0.1342925727367401, 0.2031886875629425, 0.14092592895030975, 0.15877990424633026, 0.2309950590133667, 0.17352141439914703, 0.19063811004161835, 0.2758674919605255, 0.2127085030078888, 0.13691295683383942, 0.1785285770893097, 0.3658381700515747, 0.27099689841270447, 0.22090138494968414, 0.1833709180355072, 0.3245604932308197, 0.2647544741630554, 0.27038630843162537, 0.31945881247520447, 0.2399446964263916, 0.22054995596408844, 0.1464616060256958, 0.2687318027019501, 0.3204186260700226, 0.15781503915786743]",D,1913
27,William Howard Taft,"[0.22965718805789948, 0.32265371084213257, 0.1551172286272049, 0.17461895942687988, 0.23392550647258759, 0.2767546772956848, 0.2671695351600647, 0.1680918037891388, 0.25626060366630554, 0.24126610159873962, 0.2558998167514801, 0.2843582034111023, 0.23621368408203125, 0.1490968018770218, 0.2810367941856384, 0.18302001059055328, 0.26378968358039856, 0.1715759038925171, 0.25921812653541565, 0.23318462073802948, 0.2758254110813141, 0.23742595314979553, 0.2656300663948059, 0.2193986475467682, 0.3245498836040497, 0.2543294131755829, 0.3228954076766968, 0.24514353275299072, 0.17073555290699005, 0.28486496210098267, 0.311817467212677, 0.2889115810394287, 0.22647763788700104, 0.23000437021255493, 0.21936215460300446, 0.2575180232524872, 0.21984900534152985, 0.2240414321422577, 0.1232379749417305, 0.09612414985895157, 0.2557486593723297, 0.4276018440723419, 0.25871890783309937, 0.1740041971206665, 0.22610174119472504, 0.2026330977678299, 0.21174488961696625, 0.23059450089931488, 0.2159014791250229, 0.1972278505563736, 0.26127272844314575, 0.3628431558609009, 0.2659285068511963, 0.20954816043376923, 0.34705600142478943, 0.261499285697937, 0.22235305607318878, 0.20067159831523895, 0.21057869493961334, 0.37321218848228455, 0.2730664014816284, 0.16280384361743927, 0.19791898131370544, 0.2229461818933487, 0.25911322236061096, 0.23563751578330994, 0.408920556306839, 0.29879510402679443, 0.3072274625301361, 0.3206678032875061, 0.17944183945655823, 0.19616596400737762, 0.16401010751724243, 0.2245773822069168, 0.11546335369348526, 0.22261269390583038, 0.12506935000419617, 0.2829756736755371, 0.4008876383304596, 0.2726747691631317, 0.19775934517383575, 0.3460873067378998, 0.35181325674057007, 0.2556646764278412, 0.19935229420661926, 0.2719753682613373, 0.2012854367494583, 0.28315815329551697, 0.31651049852371216, 0.2713710367679596, 0.23932179808616638, 0.17501510679721832, 0.14372581243515015, 0.21058471500873566, 0.2308330237865448, 0.2486465722322464, 0.26192134618759155, 0.21619269251823425, 0.35983699560165405, 0.2653835713863373]",R,1909
26,Theodore Roosevelt,"[0.6357318162918091, 0.4197416603565216, 0.5365579128265381, 0.49264177680015564, 0.3924863040447235, 0.44944334030151367, 0.562598705291748, 0.48354992270469666, 0.6409823894500732, 0.4348851144313812, 0.4393780827522278, 0.7624786496162415, 0.3860291838645935, 0.43382778763771057, 0.5136329531669617, 0.4492829144001007, 0.48649322986602783, 0.3788265883922577, 0.4101298451423645, 0.5483514666557312, 0.34137752652168274, 0.6574934124946594, 0.444436252117157, 0.3044796288013458, 0.5259228944778442, 0.3763148784637451, 0.5649206042289734, 0.6077062487602234, 0.7840343117713928, 0.6217463612556458, 0.7263484597206116, 0.7145201563835144, 0.7418696880340576, 0.42085811495780945, 0.669147253036499, 0.47622227668762207, 0.593207836151123, 0.4338203966617584, 0.7877271175384521, 0.4332963824272156, 0.7420934438705444, 0.7640960216522217, 0.33485686779022217, 0.28251588344573975, 0.8113771080970764, 0.7185307741165161, 0.6643760800361633, 0.3457561731338501, 0.15275326371192932, 0.543443500995636, 0.6816564798355103, 0.4099748730659485, 0.7592585682868958, 0.6659845113754272, 0.4548170268535614, 0.42473500967025757, 0.6558281779289246, 0.5352551937103271, 0.5987679362297058, 0.6925058960914612, 0.5828685164451599, 0.770409882068634, 0.6150020956993103, 0.31611698865890503, 0.5042956471443176, 0.7421543002128601, 0.5705814361572266, 0.4745526909828186, 0.49621471762657166, 0.5107905864715576, 0.4768349230289459, 0.5371398329734802, 0.5319533944129944, 0.5730608701705933, 0.40663430094718933, 0.672492504119873, 0.3060418367385864, 0.5345598459243774, 0.4256928563117981, 0.4504256546497345, 0.7466065287590027, 0.5255189538002014, 0.7338364124298096, 0.4262900650501251, 0.747705340385437, 0.5771547555923462, 0.4107092618942261, 0.5093231797218323, 0.6598997116088867, 0.40692415833473206, 0.4744507074356079, 0.4451832175254822, 0.6105315089225769, 0.4989701211452484, 0.5462582111358643, 0.4916726052761078, 0.3831843137741089, 0.5760295987129211, 0.5895453095436096, 0.39246177673339844]",R,1901
25,William McKinley,"[0.12632574141025543, 0.20841792225837708, 0.18232256174087524, 0.10534251481294632, 0.45303741097450256, 0.1814287155866623, 0.24838849902153015, 0.19318462908267975, 0.13601665198802948, 0.4262058138847351, 0.4204087257385254, 0.08963385969400406, 0.1547645479440689, 0.18077412247657776, 0.12842518091201782, 0.13005073368549347, 0.16013768315315247, 0.27882441878318787, 0.23872707784175873, 0.14240077137947083, 0.15771545469760895, 0.16180656850337982, 0.17784322798252106, 0.10332953929901123, 0.36179065704345703, 0.16201788187026978, 0.1692112237215042, 0.3161559998989105, 0.21802294254302979, 0.20070821046829224, 0.307556688785553, 0.5200213193893433, 0.15844957530498505, 0.12524722516536713, 0.4928610026836395, 0.22270047664642334, 0.2754947543144226, 0.2226017266511917, 0.1631281077861786, 0.17998850345611572, 0.17724767327308655, 0.20305591821670532, 0.09611472487449646, 0.31910207867622375, 0.1542206108570099, 0.08579427748918533, 0.14154157042503357, 0.15092532336711884, 0.11236215382814407, 0.13383232057094574, 0.17756299674510956, 0.19824962317943573, 0.16295389831066132, 0.12045677751302719, 0.1120961382985115, 0.10011110454797745, 0.2542940080165863, 0.1742018312215805, 0.16850842535495758, 0.1706773340702057, 0.16679728031158447, 0.21873193979263306, 0.2178345024585724, 0.2186661958694458, 0.1591353416442871, 0.16848984360694885, 0.17550525069236755, 0.17172397673130035, 0.21303968131542206, 0.24927259981632233, 0.14844340085983276, 0.11749092489480972, 0.22723336517810822, 0.15026892721652985, 0.18571817874908447, 0.13628941774368286, 0.2606503367424011, 0.2365320771932602, 0.22924567759037018, 0.10115839540958405, 0.21163447201251984, 0.47127068042755127, 0.20411941409111023, 0.22459737956523895, 0.23567081987857819, 0.10643559694290161, 0.220556378364563, 0.11279245465993881, 0.1458713263273239, 0.14505207538604736, 0.15190503001213074, 0.11376326531171799, 0.17749938368797302, 0.19912973046302795, 0.14589054882526398, 0.1138116642832756, 0.2361367791891098, 0.1270960420370102, 0.47248461842536926, 0.11267486959695816]",R,1897
24,Grover Cleveland,"[0.27841073274612427, 0.18173563480377197, 0.16464431583881378, 0.17503170669078827, 0.17414075136184692, 0.17531761527061462, 0.305413156747818, 0.26735103130340576, 0.15841765701770782, 0.11870516091585159, 0.14945200085639954, 0.17950059473514557, 0.19225426018238068, 0.29009321331977844, 0.18173928558826447, 0.15241025388240814, 0.406816303730011, 0.1304071545600891, 0.26476210355758667, 0.12996630370616913, 0.2971976697444916, 0.23929917812347412, 0.26821333169937134, 0.25818711519241333, 0.17079506814479828, 0.26926669478416443, 0.14589081704616547, 0.4450235664844513, 0.25094008445739746, 0.2320500761270523, 0.15564735233783722, 0.2043551355600357, 0.2205176204442978, 0.22996166348457336, 0.1655062735080719, 0.3382267951965332, 0.1801048368215561, 0.2863975167274475, 0.23988983035087585, 0.22702907025814056, 0.1604207158088684, 0.158202663064003, 0.16833192110061646, 0.1971307247877121, 0.2822914719581604, 0.1527683585882187, 0.33298584818840027, 0.18864868581295013, 0.23195584118366241, 0.2165231704711914, 0.3901852071285248, 0.23219676315784454, 0.28344297409057617, 0.11006829142570496, 0.2089618444442749, 0.29063907265663147, 0.4008482098579407, 0.196490079164505, 0.2130369246006012, 0.17126373946666718, 0.19933196902275085, 0.23869825899600983, 0.13106414675712585, 0.08466021716594696, 0.2208462655544281, 0.20051182806491852, 0.19175712764263153, 0.38355764746665955, 0.25579962134361267, 0.18264338374137878, 0.21946507692337036, 0.22127696871757507, 0.4016568660736084, 0.2716163098812103, 0.1410454511642456, 0.17341943085193634, 0.11735352873802185, 0.22973449528217316, 0.17514735460281372, 0.16328591108322144, 0.3455488383769989, 0.2828722596168518, 0.17998331785202026, 0.3324325680732727, 0.2350890189409256, 0.24972082674503326, 0.21329182386398315, 0.26556506752967834, 0.18158037960529327, 0.24354490637779236, 0.2461349219083786, 0.11809388548135757, 0.09240403771400452, 0.2173382192850113, 0.2469368427991867, 0.30376383662223816, 0.2337142527103424, 0.277040034532547, 0.19112646579742432, 0.35450950264930725]",D,1893
